player_id,display_name,afltables_profile_url
4,Mark Ricciuto,players/M/Mark_Ricciuto.html
5,Nigel Smart,players/N/Nigel_Smart.html
6,Martin McKinnon,players/M/Martin_McKinnon.html
7,Matthew Kluzek,players/M/Matthew_Kluzek.html
8,Andrew Jarman,players/A/Andrew_Jarman.html
10,Sean Wellman,players/S/Sean_Wellman.html
12,Mark Bickley,players/M/Mark_Bickley.html
13,Tony Hall,players/T/Tony_Hall.html
14,Tony Modra,players/T/Tony_Modra.html
16,Shaun Rehn,players/S/Shaun_Rehn.html
17,Chris McDermott,players/C/Chris_McDermott.html
18,Tony McGuinness,players/T/Tony_McGuinness.html
19,Matthew Connell,players/M/Matthew_Connell.html
22,Ben Hart,players/B/Ben_Hart.html
24,Greg Anderson,players/G/Greg_Anderson.html
29,Matthew Liptak,players/M/Matthew_Liptak.html
30,Andrew McLeod,players/A/Andrew_McLeod.html
34,Tyson Edwards,players/T/Tyson_Edwards.html
36,Darren Jarman,players/D/Darren_Jarman.html
37,Troy Bond,players/T/Troy_Bond.html
42,Scott Hodges,players/S/Scott_Hodges.html
43,Kane Johnson,players/K/Kane_Johnson.html
44,Peter Vardy,players/P/Peter_Vardy.html
46,Brett James,players/B/Brett_James.html
51,Simon Goodwin,players/S/Simon_Goodwin.html
53,Michael Frost,players/M/Michael_Frost.html
56,Nathan Bassett,players/N/Nathan_Bassett.html
61,Andrew Eccles,players/A/Andrew_Eccles.html
64,Ian Perrie,players/I/Ian_Perrie.html
67,Brodie Atkinson,players/B/Brodie_Atkinson.html
68,Brett Burton,players/B/Brett_Burton.html
69,David Gallagher,players/D/David_Gallagher.html
77,James Byrne,players/J/James_Byrne.html
78,Matthew Clarke,players/M/Matthew_Clarke.html
86,Evan Hewitt,players/E/Evan_Hewitt.html
90,Matthew Bode,players/M/Matthew_Bode.html
94,Andrew Bews,players/A/Andrew_Bews.html
97,Chris Scott,players/C/Chris_Scott.html
98,Justin Leppitsch,players/J/Justin_Leppitsch.html
99,Michael McLean,players/M/Michael_McLean.html
100,Nigel Lappin,players/N/Nigel_Lappin.html
101,Adrian Fletcher,players/A/Adrian_Fletcher.html
102,Michael Voss,players/M/Michael_Voss.html
104,Alastair Lynch,players/A/Alastair_Lynch.html
107,Roger Merrett,players/R/Roger_Merrett.html
108,Scott McIvor,players/S/Scott_McIvor.html
109,Damian Bourke,players/D/Damian_Bourke.html
110,Marcus Ashcroft,players/M/Marcus_Ashcroft.html
111,Shaun Hart,players/S/Shaun_Hart.html
113,Gilbert McAdam,players/G/Gilbert_McAdam.html
114,Darryl White,players/D/Darryl_White.html
118,Steven Lawrence,players/S/Steven_Lawrence.html
119,Jason Akermanis,players/J/Jason_Akermanis.html
121,Nathan Chapman,players/N/Nathan_Chapman.html
123,Craig Lambert,players/C/Craig_Lambert.html
124,Martin Leslie,
134,Daniel Bradshaw,players/D/Daniel_Bradshaw.html
135,Brett Ratten,players/B/Brett_Ratten.html
136,Stephen Silvagni,players/S/Stephen_Silvagni.html
137,Michael Sexton,players/M/Michael_Sexton.html
138,Ang Christou,players/A/Ang_Christou.html
140,Andrew McKay,players/A/Andrew_McKay.html
142,Greg Williams,players/G/Greg_Williams.html
143,Scott Camporeale,players/S/Scott_Camporeale.html
144,Anthony Koutoufides,players/A/Anthony_Koutoufides.html
146,Mil Hanna,players/M/Mil_Hanna.html
147,Fraser Brown,players/F/Fraser_Brown.html
148,Stephen Kernahan,players/S/Stephen_Kernahan.html
149,Adrian Whitehead,players/A/Adrian_Whitehead.html
150,Justin Madden,players/J/Justin_Madden.html
151,Craig Bradley,players/C/Craig_Bradley.html
153,Matthew Allan,players/M/Matthew_Allan.html
156,James Cook,players/J/James_Cook.html
157,Barry Mitchell,players/B/Barry_Mitchell.html
171,Aaron Hamill,players/A/Aaron_Hamill.html
173,Lance Whitnall,players/L/Lance_Whitnall.html
174,Mick McGuane,players/M/Mick_McGuane.html
179,Darren Hulme,players/D/Darren_Hulme.html
187,Kris Massie,players/K/Kris_Massie.html
190,Brett Backwell,players/B/Brett_Backwell.html
191,Matthew Lappin,players/M/Matthew_Lappin.html
196,Brendan Fevola,players/B/Brendan_Fevola.html
198,Michael Mansfield,players/M/Michael_Mansfield.html
201,Ryan Houlihan,players/R/Ryan_Houlihan.html
209,Jon Hassall,players/J/Jon_Hassall.html
210,Gary Pert,players/G/Gary_Pert.html
211,Scott Burns,players/S/Scott_Burns.html
212,Gavin Crosisca,players/G/Gavin_Crosisca.html
215,Paul Williams,players/P/Paul_Williams.html
216,Gavin Brown,players/G/Gavin_Brown.html
217,Nathan Buckley,players/N/Nathan_Buckley.html
218,Scott Russell,players/S/Scott_Russell.html
219,Kent Butcher,players/K/Kent_Butcher.html
223,Damian Monkhorst,players/D/Damian_Monkhorst.html
228,Saverio Rocca,players/S/Saverio_Rocca.html
234,Dermott Brereton,players/D/Dermott_Brereton.html
235,Graham Wright,players/G/Graham_Wright.html
238,Tony Francis,players/T/Tony_Francis.html
241,Andrew Schauble,players/A/Andrew_Schauble.html
243,Alex McDonald,players/A/Alex_McDonald.html
249,Simon Prestigiacomo,players/S/Simon_Prestigiacomo.html
253,Richard Osborne,players/R/Richard_Osborne.html
255,Mal Michael,players/M/Mal_Michael.html
258,Luke Godden,players/L/Luke_Godden.html
263,Jamie Tape,players/J/Jamie_Tape.html
264,Chris Tarrant,players/C/Chris_Tarrant.html
272,Nick Davis,players/N/Nick_Davis.html
274,Tyson Lane,players/T/Tyson_Lane.html
275,Paul Licuria,players/P/Paul_Licuria.html
276,Ricky Olarenshaw,players/R/Ricky_Olarenshaw.html
280,Heath Scotland,players/H/Heath_Scotland.html
283,Damien Adkins,players/D/Damien_Adkins.html
284,Leon Davis,players/L/Leon_Davis.html
285,Josh Fraser,players/J/Josh_Fraser.html
286,Ben Johnson,players/B/Ben_Johnson.html
287,Shane OBree,players/S/Shane_OBree.html
294,Ryan Lonie,players/R/Ryan_Lonie.html
295,Jarrod Molloy,players/J/Jarrod_Molloy.html
296,Carl Steinfort,players/C/Carl_Steinfort.html
297,Shane Wakelin,players/S/Shane_Wakelin.html
299,James Clement,players/J/James_Clement.html
301,Alan Didak,players/A/Alan_Didak.html
303,Gavin Wanganeen,players/G/Gavin_Wanganeen.html
304,Dustin Fletcher,players/D/Dustin_Fletcher.html
310,Mark Mercuri,players/M/Mark_Mercuri.html
312,James Hird,players/J/James_Hird.html
313,Michael Long,players/M/Michael_Long.html
314,Paul Salmon,players/P/Paul_Salmon.html
315,Scott Cummings,players/S/Scott_Cummings.html
316,Joe Misiti,players/J/Joe_Misiti.html
318,Gary ODonnell,players/G/Gary_ODonnell.html
319,Sean Denham,players/S/Sean_Denham.html
321,Mark Harvey,players/M/Mark_Harvey.html
324,Damien Hardwick,players/D/Damien_Hardwick.html
326,Mark Thompson,players/M/Mark_Thompson.html
327,Ryan OConnor,players/R/Ryan_OConnor.html
328,Che Cockatoo-Collins,players/C/Che_Cockatoo-Collins.html
331,Gary Moorcroft,players/G/Gary_Moorcroft.html
336,Matthew Lloyd,players/M/Matthew_Lloyd0.html
339,Scott Lucas,players/S/Scott_Lucas.html
343,Blake Caracella,players/B/Blake_Caracella.html
346,Jason Johnson,players/J/Jason_Johnson.html
352,Dean Solomon,players/D/Dean_Solomon.html
354,Mark Johnson,players/M/Mark_Johnson.html
355,Mark McVeigh,players/M/Mark_McVeigh.html
356,Dean Rioli,players/D/Dean_Rioli.html
357,Ilija Grgic,players/I/Ilija_Grgic.html
358,Adam Ramanauskas,players/A/Adam_Ramanauskas.html
359,Danny Jacobs,players/D/Danny_Jacobs.html
362,Aaron Henneman,players/A/Aaron_Henneman.html
365,David Hille,players/D/David_Hille.html
367,Marcus Bullen,players/M/Marcus_Bullen.html
370,Simon Hawking,
373,Martin Pike,players/M/Martin_Pike.html
374,Brad Boyd,players/B/Brad_Boyd.html
379,Stephen Paxman,players/S/Stephen_Paxman.html
380,Doug Hawkins,players/D/Doug_Hawkins.html
381,Jeff Hogg,players/J/Jeff_Hogg.html
385,Chris Johnson,players/C/Chris_Johnson0.html
387,John Barker,players/J/John_Barker.html
392,Steven Stretch,players/S/Steven_Stretch.html
406,Mick Dwyer,players/M/Mick_Dwyer.html
407,Matthew Primus,players/M/Matthew_Primus.html
410,Nick Carter,players/N/Nick_Carter.html
413,Stephen Wallis,players/S/Stephen_Wallis.html
418,Scott West,players/S/Scott_West.html
421,Brad Johnson,players/B/Brad_Johnson.html
422,Chris Grant,players/C/Chris_Grant.html
423,Jose Romero,players/J/Jose_Romero.html
424,Scott Wynd,players/S/Scott_Wynd.html
425,Leon Cameron,players/L/Leon_Cameron.html
426,Tony Liberatore,players/T/Tony_Liberatore.html
427,Luke Beveridge,players/L/Luke_Beveridge.html
428,Steven Kolyniuk,players/S/Steven_Kolyniuk.html
429,Rohan Smith,players/R/Rohan_Smith0.html
430,Daniel Hargraves,players/D/Daniel_Hargraves.html
431,Daniel Southern,players/D/Daniel_Southern.html
432,Brad Nicholson,players/B/Brad_Nicholson.html
436,Luke Darcy,players/L/Luke_Darcy.html
438,Michael Martin,players/M/Michael_Martin.html
451,Paul Hudson,players/P/Paul_Hudson.html
452,Nathan Brown,players/N/Nathan_Brown1.html
454,Brett Montgomery,players/B/Brett_Montgomery.html
458,Paul Dooley,players/P/Paul_Dooley.html
461,Nicky Winmar,players/N/Nicky_Winmar.html
464,Kingsley Hunter,players/K/Kingsley_Hunter.html
465,Nathan Eagleton,players/N/Nathan_Eagleton.html
468,Robert Murphy,players/R/Robert_Murphy.html
469,Luke Penny,players/L/Luke_Penny.html
471,Lindsay Gilbee,players/L/Lindsay_Gilbee.html
473,Daniel Giansiracusa,players/D/Daniel_Giansiracusa.html
475,Jason Norrish,players/J/Jason_Norrish.html
477,Dale Kickett,players/D/Dale_Kickett.html
478,Peter Mann,players/P/Peter_Mann.html
481,Ben Allan,players/B/Ben_Allan.html
485,Winston Abraham,players/W/Winston_Abraham.html
486,Peter Bell,players/P/Peter_Bell0.html
497,Anthony Jones,players/A/Anthony_Jones.html
502,Jeff White,players/J/Jeff_White.html
503,John Hutton,players/J/John_Hutton.html
504,Shaun McManus,players/S/Shaun_McManus.html
505,Neil Mildenhall,players/N/Neil_Mildenhall.html
508,Craig Callaghan,players/C/Craig_Callaghan.html
510,Daniel Bandy,players/D/Daniel_Bandy.html
514,Greg Harding,players/G/Greg_Harding.html
515,Clive Waterhouse,players/C/Clive_Waterhouse.html
517,Steven Koops,players/S/Steven_Koops.html
518,Luke Toia,players/L/Luke_Toia.html
520,Heath Black,players/H/Heath_Black.html
523,Jess Sinclair,players/J/Jess_Sinclair.html
525,Chris Bond,players/C/Chris_Bond.html
528,Stuart Anderson,players/S/Stuart_Anderson.html
533,Garth Taylor,players/G/Garth_Taylor.html
536,Andrew Shipp,players/A/Andrew_Shipp.html
539,Leigh Brown,players/L/Leigh_Brown.html
540,Troy Cook,players/T/Troy_Cook.html
542,Paul Hasleby,players/P/Paul_Hasleby.html
543,Troy Longmuir,players/T/Troy_Longmuir.html
544,Matthew Pavlich,players/M/Matthew_Pavlich.html
549,Dion Woods,players/D/Dion_Woods.html
550,Daniel Metropolis,players/D/Daniel_Metropolis.html
551,Adam McPhee,players/A/Adam_McPhee.html
556,Ben Graham,players/B/Ben_Graham.html
557,Leigh Colbert,players/L/Leigh_Colbert.html
558,Tim McGrath,players/T/Tim_McGrath.html
559,Ken Hinkley,players/K/Ken_Hinkley.html
560,Peter Riccardi,players/P/Peter_Riccardi.html
561,Liam Pickering,players/L/Liam_Pickering.html
562,Brenton Sanderson,players/B/Brenton_Sanderson.html
564,Bill Brownless,players/B/Bill_Brownless.html
565,Paul Couch,players/P/Paul_Couch.html
567,Gary Ablett Snr,players/G/Gary_Ablett0.html
574,Aaron Lord,players/A/Aaron_Lord.html
577,Garry Hocking,players/G/Garry_Hocking.html
582,Craig Biddiscombe,players/C/Craig_Biddiscombe.html
584,Barry Stoneham,players/B/Barry_Stoneham.html
587,Steven King,players/S/Steven_King.html
588,Glenn Kilpatrick,players/G/Glenn_Kilpatrick.html
590,Darren Milburn,players/D/Darren_Milburn.html
593,Adam Houlihan,players/A/Adam_Houlihan.html
596,Brett Spinks,players/B/Brett_Spinks.html
597,Tim Finocchiaro,players/T/Tim_Finocchiaro.html
599,James Rahilly,players/J/James_Rahilly.html
604,Matthew Scarlett,players/M/Matthew_Scarlett.html
605,Simon Arnott,players/S/Simon_Arnott.html
608,Tom Harley,players/T/Tom_Harley.html
611,David Spriggs,players/D/David_Spriggs.html
614,Paul Chapman,players/P/Paul_Chapman.html
615,Cameron Mooney,players/C/Cameron_Mooney.html
616,Joel Corey,players/J/Joel_Corey.html
617,Cameron Ling,players/C/Cameron_Ling.html
619,Anthony Banik,players/A/Anthony_Banik.html
620,Mitchell White,players/M/Mitchell_White.html
621,Corey Enright,players/C/Corey_Enright.html
625,Andrew Collins,players/A/Andrew_Collins0.html
628,Mark Graham,players/M/Mark_Graham.html
630,Darrin Pritchard,players/D/Darrin_Pritchard.html
631,Rayden Tallis,players/R/Rayden_Tallis.html
632,Jason Dunstall,players/J/Jason_Dunstall.html
633,Shane Crawford,players/S/Shane_Crawford.html
636,John Platten,players/J/John_Platten.html
637,Nick Holland,players/N/Nick_Holland.html
639,Chris Langford,players/C/Chris_Langford.html
641,Paul Dear,players/P/Paul_Dear.html
646,Simon Crawshay,players/S/Simon_Crawshay.html
648,Daniel Harford,players/D/Daniel_Harford.html
649,Daniel Chick,players/D/Daniel_Chick.html
650,Darren Kappler,players/D/Darren_Kappler.html
651,Craig Treleven,players/C/Craig_Treleven.html
654,Jade Rawlings,players/J/Jade_Rawlings.html
655,Angelo Lekkas,players/A/Angelo_Lekkas.html
656,Justin Crawford,players/J/Justin_Crawford.html
657,Brad Scott,players/B/Brad_Scott.html
659,Jonathan Hay,players/J/Jonathan_Hay.html
660,Trent Croad,players/T/Trent_Croad.html
661,Brad Lloyd,players/B/Brad_Lloyd.html
662,Nathan Thompson,players/N/Nathan_Thompson.html
667,Richard Vandenberg,players/R/Richard_Vandenberg.html
672,Joel Smith,players/J/Joel_Smith0.html
673,Glen Bowyer,players/G/Glen_Bowyer.html
676,Brett Johnson,players/B/Brett_Johnson.html
677,Luke McPharlin,players/L/Luke_McPharlin.html
680,Steven Greene,players/S/Steven_Greene.html
684,Michael Osborne,players/M/Michael_Osborne.html
686,Sean Wight,players/S/Sean_Wight.html
689,David Neitz,players/D/David_Neitz.html
692,Glenn Lovett,players/G/Glenn_Lovett.html
693,Stephen Tingay,players/S/Stephen_Tingay.html
695,Garry Lyon,players/G/Garry_Lyon.html
697,Shaun Smith,players/S/Shaun_Smith.html
700,Todd Viney,players/T/Todd_Viney.html
701,Darren Kowal,players/D/Darren_Kowal.html
702,Jim Stynes,players/J/Jim_Stynes.html
703,Jeff Farmer,players/J/Jeff_Farmer.html
706,Brett Lovett,players/B/Brett_Lovett.html
713,David Schwarz,players/D/David_Schwarz.html
714,Adem Yze,players/A/Adem_Yze.html
716,David Grant,players/D/David_Grant.html
717,Craig Turley,players/C/Craig_Turley.html
725,Shane Woewodin,players/S/Shane_Woewodin.html
730,James McDonald,players/J/James_McDonald.html
731,Russell Robertson,players/R/Russell_Robertson.html
732,Travis Johnstone,players/T/Travis_Johnstone.html
747,Cameron Bruce,players/C/Cameron_Bruce.html
748,Brad Green,players/B/Brad_Green.html
750,Matthew Whelan,players/M/Matthew_Whelan.html
753,Darren Jolly,players/D/Darren_Jolly.html
755,Scott Thompson,players/S/Scott_Thompson0.html
759,David King,players/D/David_King0.html
760,John Longmire,players/J/John_Longmire.html
761,Craig Sholl,players/C/Craig_Sholl.html
764,Wayne Schwass,players/W/Wayne_Schwass.html
765,Trent Nichols,players/T/Trent_Nichols.html
766,Wayne Carey,players/W/Wayne_Carey.html
770,Brett Allison,players/B/Brett_Allison.html
772,Anthony Stevens,players/A/Anthony_Stevens.html
774,Mathew Capuano,players/M/Mathew_Capuano.html
775,Corey McKernan,players/C/Corey_McKernan.html
777,Glenn Archer,players/G/Glenn_Archer.html
780,Adam Simpson,players/A/Adam_Simpson.html
788,Brent Harvey,players/B/Brent_Harvey.html
791,Byron Pickett,players/B/Byron_Pickett.html
793,Brady Anderson,players/B/Brady_Anderson.html
794,Shannon Grant,players/S/Shannon_Grant.html
798,Adam Lange,players/A/Adam_Lange.html
799,Brady Rawlings,players/B/Brady_Rawlings.html
805,Daniel Harris,players/D/Daniel_Harris.html
806,Drew Petrie,players/D/Drew_Petrie.html
808,Corey Jones,players/C/Corey_Jones.html
812,David Teague,players/D/David_Teague.html
814,Daniel Motlop,players/D/Daniel_Motlop.html
819,Josh Francou,players/J/Josh_Francou.html
820,Michael Wilson,players/M/Michael_Wilson.html
822,Brendon Lade,players/B/Brendon_Lade.html
823,Damian Squire,players/D/Damian_Squire.html
824,Peter Burgoyne,players/P/Peter_Burgoyne.html
825,Adam Kingsley,players/A/Adam_Kingsley.html
827,Darren Mead,players/D/Darren_Mead.html
829,Adam Heuskes,players/A/Adam_Heuskes.html
830,Bowen Lockwood,players/B/Bowen_Lockwood.html
831,Warren Tredrea,players/W/Warren_Tredrea.html
838,Stuart Dew,players/S/Stuart_Dew.html
842,Nick Stevens,players/N/Nick_Stevens.html
846,Jarrad Schofield,players/J/Jarrad_Schofield.html
847,Chad Cornes,players/C/Chad_Cornes.html
848,Derek Murray,players/D/Derek_Murray.html
851,Josh Carr,players/J/Josh_Carr.html
852,Brent Guerra,players/B/Brent_Guerra.html
856,Dean Brogan,players/D/Dean_Brogan.html
857,Kane Cornes,players/K/Kane_Cornes.html
858,Tony Free,players/T/Tony_Free.html
861,Duncan Kellaway,players/D/Duncan_Kellaway.html
864,Matthew Rogers,players/M/Matthew_Rogers.html
865,Matthew Knights,players/M/Matthew_Knights.html
866,Mark Merenda,players/M/Mark_Merenda.html
867,Stuart Maxfield,players/S/Stuart_Maxfield.html
869,Wayne Campbell,players/W/Wayne_Campbell.html
870,Matthew Richardson,players/M/Matthew_Richardson.html
871,Greg Dear,players/G/Greg_Dear.html
872,Paul Broderick,players/P/Paul_Broderick.html
873,Nick Daffy,players/N/Nick_Daffy.html
876,David Bourke,players/D/David_Bourke.html
881,Stephen Jurica,players/S/Stephen_Jurica.html
886,Darren Gaspar,players/D/Darren_Gaspar.html
889,Robert Powell,players/R/Robert_Powell.html
890,Joel Bowden,players/J/Joel_Bowden.html
897,Brad Ottens,players/B/Brad_Ottens.html
899,Andrew Kellaway,players/A/Andrew_Kellaway.html
900,Justin Plapp,players/J/Justin_Plapp.html
903,Marc Dragicevic,players/M/Marc_Dragicevic.html
906,Ezra Poyas,players/E/Ezra_Poyas.html
909,Ty Zantuck,players/T/Ty_Zantuck.html
911,Aaron Fiora,players/A/Aaron_Fiora.html
915,Andrew Krakouer,players/A/Andrew_Krakouer1.html
916,Mark Coughlan,players/M/Mark_Coughlan.html
917,Kayne Pettifer,players/K/Kayne_Pettifer.html
918,Danny Frawley,players/D/Danny_Frawley.html
919,Nathan Burke,players/N/Nathan_Burke.html
922,Peter Everitt,players/P/Peter_Everitt.html
926,Rod Keogh,players/R/Rod_Keogh.html
927,Stewart Loewe,players/S/Stewart_Loewe.html
929,Austinn Jones,players/A/Austinn_Jones.html
930,Robert Harvey,players/R/Robert_Harvey.html
941,Tony Brown,players/T/Tony_Brown.html
943,John Georgiou,players/J/John_Georgiou.html
947,Robert Neill,players/R/Robert_Neill.html
949,Jason Traianidis,players/J/Jason_Traianidis.html
953,Barry Hall,players/B/Barry_Hall.html
954,Daniel Healy,players/D/Daniel_Healy.html
955,Max Hudghton,players/M/Max_Hudghton.html
957,Andrew Thompson,players/A/Andrew_Thompson.html
965,James Begley,players/J/James_Begley.html
966,Lenny Hayes,players/L/Lenny_Hayes.html
967,Steven Baker,players/S/Steven_Baker.html
970,Fred Campbell,players/F/Fred_Campbell.html
972,Brett Moyle,players/B/Brett_Moyle.html
973,Caydn Beetham,players/C/Caydn_Beetham.html
976,Fraser Gehrig,players/F/Fraser_Gehrig.html
977,Justin Koschitzke,players/J/Justin_Koschitzke.html
978,Stephen Milne,players/S/Stephen_Milne.html
981,Nick Riewoldt,players/N/Nick_Riewoldt.html
985,Paul Roos,players/P/Paul_Roos.html
988,Mark Bayes,players/M/Mark_Bayes.html
990,Tony Lockett,players/T/Tony_Lockett.html
992,Daryn Cresswell,players/D/Daryn_Cresswell.html
993,Paul Kelly,players/P/Paul_Kelly.html
1000,Michael OLoughlin,players/M/Michael_OLoughlin.html
1001,Daniel McPherson,players/D/Daniel_McPherson.html
1003,Leo Barry,players/L/Leo_Barry.html
1006,Stefan Carey,players/S/Stefan_Carey.html
1009,Ben Mathews,players/B/Ben_Mathews.html
1010,Jason Saddington,players/J/Jason_Saddington.html
1011,Jared Crouch,players/J/Jared_Crouch.html
1012,Adam Goodes,players/A/Adam_Goodes.html
1013,Jude Bolton,players/J/Jude_Bolton.html
1015,Brett Kirk,players/B/Brett_Kirk.html
1024,Ryan OKeefe,players/R/Ryan_OKeefe.html
1025,Tadhg Kennelly,players/T/Tadhg_Kennelly.html
1027,Brett Heady,players/B/Brett_Heady.html
1028,Dean Kemp,players/D/Dean_Kemp.html
1029,Chris Mainwaring,players/C/Chris_Mainwaring.html
1031,Drew Banfield,players/D/Drew_Banfield.html
1032,Guy McKenna,players/G/Guy_McKenna.html
1033,Peter Wilson,players/P/Peter_Wilson.html
1034,Ashley McIntosh,players/A/Ashley_McIntosh.html
1037,John Worsfold,players/J/John_Worsfold.html
1038,Glen Jakovich,players/G/Glen_Jakovich.html
1039,Chris Lewis,players/C/Chris_Lewis.html
1040,Peter Matera,players/P/Peter_Matera.html
1041,David Hart,players/D/David_Hart.html
1043,Ryan Turnbull,players/R/Ryan_Turnbull.html
1045,Don Pyke,players/D/Don_Pyke.html
1050,Chad Morrison,players/C/Chad_Morrison.html
1051,Ben Cousins,players/B/Ben_Cousins.html
1052,Phillip Matera,players/P/Phillip_Matera.html
1053,David Wirrpanda,players/D/David_Wirrpanda.html
1056,Michael Gardiner,players/M/Michael_Gardiner0.html
1058,Michael Braun,players/M/Michael_Braun.html
1061,Jaxon Crabb,players/J/Jaxon_Crabb.html
1063,Andrew Williams,players/A/Andrew_Williams.html
1064,Rowan Jones,players/R/Rowan_Jones.html
1065,Andrew Embley,players/A/Andrew_Embley.html
1067,Chad Fletcher,players/C/Chad_Fletcher.html
1068,Darren Glass,players/D/Darren_Glass.html
1077,Daniel Kerr,players/D/Daniel_Kerr.html
1079,Dean Cox,players/D/Dean_Cox.html
1083,Simon Black,players/S/Simon_Black.html
1084,Luke Power,players/L/Luke_Power.html
1086,Beau McDonald,players/B/Beau_McDonald.html
1087,Tim Notting,players/T/Tim_Notting.html
1089,Des Headland,players/D/Des_Headland.html
1090,Craig Bolton,players/C/Craig_Bolton.html
1092,Jonathan Brown,players/J/Jonathan_Brown.html
1096,Damian Cupido,players/D/Damian_Cupido.html
1097,Richard Hadley,players/R/Richard_Hadley.html
1098,Jamie Charman,players/J/Jamie_Charman.html
1099,Robert Copeland,players/R/Robert_Copeland.html
1100,Ashley McGrath,players/A/Ashley_McGrath.html
1103,Richard Cole,players/R/Richard_Cole.html
1104,David Rodan,players/D/David_Rodan.html
1105,Gary Ablett Jnr,players/G/Gary_Ablett1.html
1106,Jimmy Bartel,players/J/Jimmy_Bartel.html
1109,Paul Medhurst,players/P/Paul_Medhurst.html
1113,Ryan Hargrave,players/R/Ryan_Hargrave.html
1114,Jordan McMahon,players/J/Jordan_McMahon.html
1115,Graham Johncock,players/G/Graham_Johncock.html
1116,Graham Polak,players/G/Graham_Polak.html
1118,Steven Armstrong,players/S/Steven_Armstrong.html
1119,Ted Richards,players/T/Ted_Richards.html
1120,Trent Sporn,players/T/Trent_Sporn.html
1121,Jason Cloke,players/J/Jason_Cloke.html
1122,Chris Judd,players/C/Chris_Judd.html
1123,Shane Birss,players/S/Shane_Birss.html
1126,Shaun Burgoyne,players/S/Shaun_Burgoyne.html
1127,Xavier Clarke,players/X/Xavier_Clarke.html
1128,Mark McGough,players/M/Mark_McGough.html
1129,Nick Ries,players/N/Nick_Ries.html
1132,Nick Dal Santo,players/N/Nick_Dal_Santo.html
1134,Luke Hodge,players/L/Luke_Hodge.html
1135,Sam Mitchell,players/S/Sam_Mitchell.html
1137,Leigh Montagna,players/L/Leigh_Montagna.html
1140,Steve Johnson,players/S/Steve_Johnson.html
1141,James Kelly,players/J/James_Kelly.html
1150,Chris Newman,players/C/Chris_Newman.html
1153,Daniel Cross,players/D/Daniel_Cross.html
1156,Campbell Brown,players/C/Campbell_Brown.html
1162,Tim Watson,players/T/Tim_Watson.html
1163,Paul Harding,players/P/Paul_Harding.html
1166,Tony Shaw,players/T/Tony_Shaw.html
1172,David Bain,
1180,John Gastev,players/J/John_Gastev.html
1188,Russell Morris,players/R/Russell_Morris.html
1193,Domenic Cassisi,players/D/Domenic_Cassisi.html
1195,Ashley Sampi,players/A/Ashley_Sampi.html
1201,Mark Bairstow,players/M/Mark_Bairstow.html
1204,Brent Reilly,players/B/Brent_Reilly.html
1205,Roger Hayden,players/R/Roger_Hayden.html
1212,Sam Power,players/S/Sam_Power.html
1217,Brian Lake,players/B/Brian_Lake.html
1219,Robert West,players/R/Robert_West.html
1221,Andrew McDougall,players/A/Andrew_McDougall.html
1238,Anthony Daniher,players/A/Anthony_Daniher.html
1253,Peter Daicos,players/P/Peter_Daicos.html
1254,Shane Morwood,players/S/Shane_Morwood.html
1256,Dale Weightman,players/D/Dale_Weightman.html
1257,Gary Ayres,players/G/Gary_Ayres.html
1259,Michael Pickering,players/M/Michael_Pickering0.html
1260,Trevor Poole,players/T/Trevor_Poole.html
1262,Andrew MacNish,players/A/Andrew_MacNish.html
1264,Denis Marshall,players/D/Denis_Marshall.html
1268,Dennis Carroll,players/D/Dennis_Carroll.html
1270,Peter Foster,players/P/Peter_Foster.html
1277,Brian Royal,players/B/Brian_Royal.html
1281,Matthew Campbell,
1286,David Cloke,players/D/David_Cloke.html
1292,Darren Millane,players/D/Darren_Millane.html
1300,Brad Hardie,players/B/Brad_Hardie.html
1301,Alan Ezard,players/A/Alan_Ezard.html
1302,Simon Madden,players/S/Simon_Madden.html
1303,Matthew Larkin,players/M/Matthew_Larkin.html
1308,Mark Mickan,players/M/Mark_Mickan.html
1311,Terry Daniher,players/T/Terry_Daniher.html
1313,Bernard Toohey,players/B/Bernard_Toohey.html
1316,Grantley Fielke,players/G/Grantley_Fielke.html
1319,Michael Tuck,players/M/Michael_Tuck.html
1325,Andrew Rogers,players/A/Andrew_Rogers.html
1326,Chris Mew,players/C/Chris_Mew.html
1328,Michael Mitchell,players/M/Michael_Mitchell.html
1329,Paul Meldrum,players/P/Paul_Meldrum.html
1334,Mark Naley,players/M/Mark_Naley.html
1335,Paul Vander Haar,players/P/Paul_Vander_Haar.html
1337,Alan Johnson,players/A/Alan_Johnson.html
1341,David Murphy,players/D/David_Murphy.html
1342,Mark Withers,players/M/Mark_Withers.html
1347,Matthew Rendell,players/M/Matthew_Rendell.html
1350,Robert DiPierdomenico,players/R/Robert_DiPierdomenico.html
1351,John Kennedy,players/J/John_Kennedy1.html
1354,Michael Richardson,players/M/Michael_Richardson.html
1355,Glenn Hawker,players/G/Glenn_Hawker.html
1357,Scott Clayton,
1361,Steven ODwyer,players/S/Steven_ODwyer.html
1362,Brian Wilson,players/B/Brian_Wilson0.html
1363,Mark Lee,players/M/Mark_Lee.html
1366,Gerard Healy,players/G/Gerard_Healy.html
1368,Stephen Wright,players/S/Stephen_Wright.html
1370,Stephen Malaxos,players/S/Stephen_Malaxos.html
1371,Terry Wallace,players/T/Terry_Wallace.html
1376,Tony Antrobus,players/T/Tony_Antrobus.html
1379,Brenton Phillips,players/B/Brenton_Phillips.html
1382,Murray Wrensted,players/M/Murray_Wrensted.html
1384,Zeno Tzatzaris,players/Z/Zeno_Tzatzaris.html
1387,Gary Buckenara,players/G/Gary_Buckenara.html
1389,Jim Krakouer,players/J/Jim_Krakouer.html
1390,John Law,players/J/John_Law.html
1391,Geoff Cunningham,players/G/Geoff_Cunningham.html
1392,Kevin Walsh,players/K/Kevin_Walsh.html
1394,Danny Hughes,players/D/Danny_Hughes0.html
1398,Rod Lester-Smith,players/R/Rod_Lester-Smith.html
1400,Wayne Blackwell,players/W/Wayne_Blackwell.html
1403,Brian Taylor,players/B/Brian_Taylor.html
1405,Bill Duckworth,players/B/Bill_Duckworth0.html
1408,Greg Healy,players/G/Greg_Healy.html
1410,Bradley Gotch,players/B/Bradley_Gotch.html
1414,Laurie Keene,players/L/Laurie_Keene.html
1418,Jarrad Waite,players/J/Jarrad_Waite.html
1421,Aaron Sandilands,players/A/Aaron_Sandilands.html
1422,Byron Schammer,players/B/Byron_Schammer.html
1425,Mark Jamar,players/M/Mark_Jamar.html
1426,Jeremy Clayton,players/J/Jeremy_Clayton.html
1427,Daniel Wells,players/D/Daniel_Wells.html
1430,Luke Ball,players/L/Luke_Ball.html
1432,Adam Schneider,players/A/Adam_Schneider.html
1433,Brad Fisher,players/B/Brad_Fisher.html
1438,Jared Brennan,players/J/Jared_Brennan.html
1443,Brendon Goddard,players/B/Brendon_Goddard.html
1446,Paul Johnson,players/P/Paul_Johnson0.html
1450,Matthew Boyd,players/M/Matthew_Boyd.html
1451,Jay Schulz,players/J/Jay_Schulz.html
1453,Lewis Roberts-Thomson,players/L/Lewis_Roberts-Thomson.html
1454,Karl Norman,players/K/Karl_Norman.html
1456,Kade Simpson,players/K/Kade_Simpson.html
1457,Michael Firrito,players/M/Michael_Firrito.html
1460,Dane Swan,players/D/Dane_Swan.html
1461,Jobe Watson,players/J/Jobe_Watson.html
1465,Brent Moloney,players/B/Brent_Moloney.html
1466,Haydn Bunton,players/H/Haydn_Bunton.html
1467,Allan Hopkins,players/A/Allan_Hopkins.html
1468,Reg Hickey,players/R/Reg_Hickey.html
1469,John Lewis,players/J/John_Lewis0.html
1470,Ivan McAlpine,players/I/Ivan_McAlpine.html
1478,David Ackerly,players/D/David_Ackerly.html
1480,Ron Alexander,players/R/Ron_Alexander.html
1483,Stephen Allender,players/S/Stephen_Allender.html
1485,Stan Alves,players/S/Stan_Alves.html
1487,Ron Andrews,players/R/Ron_Andrews.html
1492,Rodney Ashman,players/R/Rodney_Ashman.html
1493,Alan Atkinson,players/A/Alan_Atkinson.html
1498,Allen Aylett,players/A/Allen_Aylett.html
1500,Edward Baker,players/E/Edward_Baker.html
1502,Phil Baker,players/P/Phil_Baker.html
1503,Leon Baker,players/L/Leon_Baker.html
1506,Les Bamblett,players/L/Les_Bamblett.html
1507,Denis Banks,players/D/Denis_Banks.html
1509,Kevin Bartlett,players/K/Kevin_Bartlett.html
1510,Ricky Barham,players/R/Ricky_Barham.html
1511,Trevor Barker,players/T/Trevor_Barker.html
1515,Adrian Battiston,players/A/Adrian_Battiston.html
1516,Percy Beames,players/P/Percy_Beames.html
1519,Peter Bedford,players/P/Peter_Bedford.html
1531,Jack Bisset,players/J/Jack_Bisset.html
1533,Rod Blake,players/R/Rod_Blake.html
1534,Malcolm Blight,players/M/Malcolm_Blight.html
1537,Mark Bos,players/M/Mark_Bos.html
1538,Peter Bosustow,players/P/Peter_Bosustow.html
1539,Francis Bourke,players/F/Francis_Bourke.html
1544,John Brady,players/J/John_Brady.html
1545,Ron Branton,players/R/Ron_Branton.html
1548,Barry Breen,players/B/Barry_Breen.html
1556,Bob Brooker,players/B/Bob_Brooker.html
1557,Mark Browning,players/M/Mark_Browning.html
1564,Jim Buckley,players/J/Jim_Buckley.html
1570,Greg Burns,players/G/Greg_Burns.html
1577,Charlie Cameron,players/C/Charlie_Cameron2.html
1578,Warwick Capper,players/W/Warwick_Capper.html
1587,Wayne Carroll,players/W/Wayne_Carroll.html
1588,Ray Card,players/R/Ray_Card.html
1601,Jack Clarke,players/J/Jack_Clarke.html
1605,Ron Clegg,players/R/Ron_Clegg.html
1612,Harry Collier,players/H/Harry_Collier.html
1614,John Coleman,players/J/John_Coleman.html
1615,Geoff Collins,players/G/Geoff_Collins.html
1617,Gary Colling,players/G/Gary_Colling.html
1620,Bruce Comben,players/B/Bruce_Comben.html
1621,Mick Conlan,players/M/Mick_Conlan.html
1626,Bryan Cousins,players/B/Bryan_Cousins.html
1628,Gordon Coventry,players/G/Gordon_Coventry.html
1629,Syd Coventry,players/S/Syd_Coventry0.html
1636,Peter Crimmins,players/P/Peter_Crimmins.html
1638,Max Crow,players/M/Max_Crow.html
1642,Bill Cubbins,players/B/Bill_Cubbins.html
1646,Neale Daniher,players/N/Neale_Daniher.html
1648,Charlie Davey,players/C/Charlie_Davey.html
1650,Fred Davies,players/F/Fred_Davies0.html
1654,Barry Davis,players/B/Barry_Davis.html
1658,Rick Davies,players/R/Rick_Davies.html
1661,Jim Deane,players/J/Jim_Deane.html
1667,Gary Dempsey,players/G/Gary_Dempsey.html
1668,Andrew Demetriou,players/A/Andrew_Demetriou.html
1669,David Dench,players/D/David_Dench.html
1675,Carl Ditterich,players/C/Carl_Ditterich.html
1677,Wally Donald,players/W/Wally_Donald.html
1680,Bruce Doull,players/B/Bruce_Doull.html
1682,Keith Drinan,players/K/Keith_Drinan.html
1687,Ian Dunstan,players/I/Ian_Dunstan.html
1688,Jeff Dunne,players/J/Jeff_Dunne.html
1691,Bruce Duperouzel,players/B/Bruce_Duperouzel.html
1693,Kevin Dynon,players/K/Kevin_Dynon.html
1697,Russell Ebert,players/R/Russell_Ebert.html
1698,Jim Edmond,players/J/Jim_Edmond.html
1708,Des English,players/D/Des_English.html
1709,Tim Evans,players/T/Tim_Evans.html
1710,Bernie Evans,players/B/Bernie_Evans.html
1714,Peter Featherby,players/P/Peter_Featherby.html
1715,Wes Fellowes,players/W/Wes_Fellowes.html
1722,Mike Fitzpatrick,players/M/Mike_Fitzpatrick.html
1723,Ted Fletcher,players/T/Ted_Fletcher.html
1724,Ken Fletcher,players/K/Ken_Fletcher.html
1725,Robert Flower,players/R/Robert_Flower.html
1728,Les Foote,players/L/Les_Foote.html
1729,Keith Forbes,players/K/Keith_Forbes.html
1736,Garry Foulds,players/G/Garry_Foulds.html
1737,Laurie Fowler,players/L/Laurie_Fowler.html
1738,Jim Francis,players/J/Jim_Francis.html
1744,Alan Gale,players/A/Alan_Gale.html
1749,Allan Geddes,players/A/Allan_Geddes.html
1754,Frank Gill,players/F/Frank_Gill.html
1757,Ross Glendinning,players/R/Ross_Glendinning.html
1765,Keith Greig,players/K/Keith_Greig.html
1767,Russell Greene,players/R/Russell_Greene.html
1772,Bill Gunn,players/B/Bill_Gunn0.html
1774,Bob Hammond,players/B/Bob_Hammond.html
1776,Jack Hamilton,players/J/Jack_Hamilton0.html
1781,Ken Hands,players/K/Ken_Hands.html
1785,John Harris,players/J/John_Harris.html
1789,Gary Hardeman,players/G/Gary_Hardeman.html
1790,Wayne Harmes,players/W/Wayne_Harmes.html
1800,Des Healey,players/D/Des_Healey.html
1812,Kym Hodgeman,players/K/Kym_Hodgeman.html
1814,Craig Holden,players/C/Craig_Holden.html
1819,Jack Howell,players/J/Jack_Howell0.html
1822,Peter Hudson,players/P/Peter_Hudson.html
1824,Maurie Hunter,players/M/Maurie_Hunter.html
1826,Ken Hunter,players/K/Ken_Hunter.html
1828,Bill Hutchison,players/B/Bill_Hutchison.html
1830,Stephen Icke,players/S/Steven_Icke.html
1842,Geoff Jennings,players/G/Geoff_Jennings.html
1844,Alex Jesaulenko,players/A/Alex_Jesaulenko.html
1845,Jim Jess,players/J/Jim_Jess.html
1849,Wayne Johnston,players/W/Wayne_Johnston.html
1871,Rick Kennedy,players/R/Rick_Kennedy.html
1877,Peter Kiel,players/P/Peter_Kiel.html
1881,Robbert Klomp,players/R/Robbert_Klomp.html
1882,Peter Knights,players/P/Peter_Knights.html
1889,Garnet Campbell,players/G/Garnet_Campbell.html
1892,Denis Cordner,players/D/Denis_Cordner.html
1893,John Kennedy,players/J/John_Kennedy0.html
1894,Bob Johnson,players/B/Bob_Johnson1.html
1895,David Clarke,players/D/David_Clarke0.html
1896,Max Richardson,players/M/Max_Richardson.html
1898,Bob Beecroft,
1900,Michael Kol,players/M/Michael_Kol.html
1905,Spiro Kourkoumelis,players/S/Spiro_Kourkoumelis.html
1906,Phil Krakouer,players/P/Phil_Krakouer.html
1914,Vic Lawrence,players/V/Vic_Lawrence.html
1915,Barry Lawrence,players/B/Barry_Lawrence.html
1921,Bruce Lindner,players/B/Bruce_Lindner.html
1931,Mark Maclure,players/M/Mark_Maclure.html
1936,Gary Malarkey,players/G/Gary_Malarkey.html
1937,Neil Mann,players/N/Neil_Mann.html
1938,Phil Manassa,players/P/Phil_Manassa.html
1942,Colin Martyn,players/C/Colin_Martyn.html
1944,Alan Martello,players/A/Alan_Martello.html
1948,Harold Matthews,players/H/Harold_Matthews.html
1949,Leigh Matthews,players/L/Leigh_Matthews.html
1956,Stephen McCann,players/S/Stephen_McCann.html
1967,Bob Davis,players/B/Bob_Davis.html
1969,Peter McKenna,players/P/Peter_McKenna.html
1970,Don McKenzie,players/D/Don_McKenzie0.html
1977,Noel McMahen,players/N/Noel_McMahen.html
1984,Harvey Merrigan,players/H/Harvey_Merrigan.html
1986,Bert Mills,players/B/Bert_Mills.html
1993,Bill Mohr,players/B/Bill_Mohr.html
1995,George Moloney,players/G/George_Moloney0.html
1997,Bruce Monteath,players/B/Bruce_Monteath.html
1999,Kelvin Moore,players/K/Kelvin_Moore0.html
2000,Peter Moore,players/P/Peter_Moore.html
2005,Tony Morwood,players/T/Tony_Morwood.html
2006,Paul Morwood,players/P/Paul_Morwood.html
2007,Graham Moss,players/G/Graham_Moss.html
2008,John Mossop,players/J/John_Mossop.html
2009,Peter Motley,players/P/Peter_Motley.html
2017,John Murphy,players/J/John_Murphy0.html
2018,Kevin Murray,players/K/Kevin_Murray.html
2022,Bruce Nankervis,players/B/Bruce_Nankervis.html
2023,Ian Nankervis,players/I/Ian_Nankervis0.html
2024,Phil Narkle,players/P/Phil_Narkle.html
2028,Sam Newman,players/S/Sam_Newman1.html
2029,Colin Niven,players/C/Colin_Niven.html
2041,David OHalloran,players/D/David_OHalloran.html
2055,David Parkin,players/D/David_Parkin.html
2062,Travis Payze,players/T/Travis_Payze.html
2063,Brian Peake,players/B/Brian_Peake.html
2071,Fred Phillips,players/F/Fred_Phillips.html
2074,Greg Phillips,players/G/Greg_Phillips.html
2075,Peter Pianto,players/P/Peter_Pianto.html
2076,Bill Picken,players/B/Bill_Picken.html
2082,Bob Pratt,players/B/Bob_Pratt0.html
2088,Andrew Purser,players/A/Andrew_Purser.html
2089,Ricky Quade,players/R/Ricky_Quade.html
2091,Bernie Quinlan,players/B/Bernie_Quinlan.html
2092,Geoff Raines,players/G/Geoff_Raines.html
2095,John Rantall,players/J/John_Rantall.html
2096,Murray Rance,players/M/Murray_Rance.html
2101,Malcolm Reed,players/M/Malcolm_Reed.html
2108,David Rhys-Jones,players/D/David_Rhys-Jones.html
2109,Wayne Richardson,players/W/Wayne_Richardson.html
2113,Maurice Rioli Snr,players/M/Maurice_Rioli0.html
2114,Michael Roach,players/M/Michael_Roach.html
2116,Neil Roberts,players/N/Neil_Roberts.html
2122,John Roberts,players/J/John_Roberts0.html
2123,Colin Robertson,players/C/Colin_Robertson.html
2128,Jim Ross,players/J/Jim_Ross.html
2129,Bob Rose,players/B/Bob_Rose.html
2131,Barry Round,players/B/Barry_Round.html
2132,Des Rowe,players/D/Des_Rowe.html
2133,Barry Rowlings,players/B/Barry_Rowlings.html
2136,Alan Ruthven,players/A/Alan_Ruthven.html
2143,Joe Scanlan,players/J/Joe_Scanlan.html
2145,Wayne Schimmelbusch,players/W/Wayne_Schimmelbusch.html
2147,Don Scott,players/D/Don_Scott0.html
2161,Ray Shaw,players/R/Ray_Shaw.html
2163,Kevin Sheedy,players/K/Kevin_Sheedy.html
2168,Garry Sidebottom,players/G/Garry_Sidebottom.html
2173,Wilfred Smallhorn,
2175,Bernie Smith,players/B/Bernie_Smith.html
2178,Steven Smith,players/S/Steven_Smith.html
2179,Greg Smith,players/G/Greg_Smith.html
2183,Geoff Southby,players/G/Geoff_Southby.html
2184,Stuart Spencer,players/S/Stuart_Spencer.html
2191,Harvey Stevens,players/H/Harvey_Stevens.html
2192,Bill Stephen,players/B/Bill_Stephen.html
2193,Ian Stewart,players/I/Ian_Stewart.html
2200,Darryl Sutton,players/D/Darryl_Sutton.html
2207,Michael Taylor,players/M/Michael_Taylor.html
2208,Kevin Taylor,players/K/Kevin_Taylor.html
2210,Kelvin Templeton,players/K/Kelvin_Templeton.html
2214,Clayton Thompson,players/C/Clayton_Thompson.html
2215,Len Thompson,players/L/Len_Thompson.html
2216,David Thorpe,players/D/David_Thorpe.html
2219,Ross Thornton,
2224,Jack Titus,players/J/Jack_Titus.html
2226,Neil Trezise,players/N/Neil_Trezise.html
2228,Des Tuddenham,players/D/Des_Tuddenham.html
2230,Michael Turner,players/M/Michael_Turner.html
2235,David Twomey,players/D/David_Twomey.html
2239,Harry Vallence,players/H/Harry_Vallence.html
2240,Bill Valli,players/B/Bill_Valli.html
2241,Daryl Vernon,players/D/Daryl_Vernon.html
2245,Doug Wade,players/D/Doug_Wade.html
2248,Robert Walls,players/R/Robert_Walls.html
2251,Phil Walsh,players/P/Phil_Walsh.html
2253,Ivor Warne-Smith,players/I/Ivor_Warne-Smith.html
2260,Greg Wells,players/G/Greg_Wells0.html
2268,Ted Whitten,players/T/Ted_Whitten0.html
2274,Garry Wilson,players/G/Garry_Wilson.html
2277,John Williams,players/J/John_Williams0.html
2280,Robert Wiley,players/R/Robert_Wiley.html
2281,Mark Williams,players/M/Mark_Williams2.html
2290,Bryan Wood,players/B/Bryan_Wood.html
2296,Roy Wright,players/R/Roy_Wright.html
2299,George Young,players/G/George_Young0.html
2304,Brent Staker,players/B/Brent_Staker.html
2305,Ben Rutten,players/B/Ben_Rutten.html
2309,Jared Rivers,players/J/Jared_Rivers.html
2310,Adam Selwood,players/A/Adam_Selwood.html
2311,Geoff Ainsworth,players/G/Geoff_Ainsworth.html
2327,Barry Cable,players/B/Barry_Cable.html
2332,Will Minson,players/W/Will_Minson.html
2341,Frank Davis,players/F/Frank_Davis.html
2343,Roger Dean,players/R/Roger_Dean.html
2358,Barry Goodingham,players/B/Barry_Goodingham.html
2367,Royce Hart,players/R/Royce_Hart.html
2370,Syd Jackson,players/S/Syd_Jackson0.html
2373,Bob Keddie,players/B/Bob_Keddie.html
2376,Stuart Magee,players/S/Stuart_Magee.html
2377,Mick Malthouse,players/M/Mick_Malthouse.html
2381,Richard Douglas,players/R/Richard_Douglas.html
2386,Ian Miller,
2388,Graham Molloy,players/G/Graham_Molloy.html
2393,Bob Murray,players/B/Bob_Murray.html
2423,Laurie Sandilands,players/L/Laurie_Sandilands.html
2429,Ross Smith,players/R/Ross_Smith1.html
2437,Stuart Trott,players/S/Stuart_Trott.html
2447,Nathan Jones,players/N/Nathan_Jones.html
2451,Tassie Johnson,players/T/Tassie_Johnson.html
2453,Owen Abrahams,players/O/Owen_Abrahams.html
2468,Graham Arthur,players/G/Graham_Arthur.html
2475,Don Cordner,players/D/Don_Cordner.html
2481,Bill Adams,players/B/Bill_Adams.html
2485,Alec Albiston,players/A/Alec_Albiston.html
2499,Tom Arklay,players/T/Tom_Arklay.html
2501,Jim Atkinson,players/J/Jim_Atkinson.html
2504,Jim Adamson,players/J/Jim_Adamson.html
2505,Jack Baggott,players/J/Jack_Baggott.html
2518,Darrel Baldock,players/D/Darrel_Baldock.html
2521,Ron Barassi,players/R/Ron_Barassi0.html
2533,Maurie Beasy,players/M/Maurie_Beasy.html
2539,Norm Beckton,players/N/Norm_Beckton.html
2540,John Beckwith,players/J/John_Beckwith.html
2546,Perce Bentley,players/P/Perce_Bentley.html
2568,Jim Bohan,players/J/Jim_Bohan.html
2587,Harold Bray,players/H/Harold_Bray.html
2591,Ray Brew,players/R/Ray_Brew.html
2609,Ian Bryant,players/I/Ian_Bryant.html
2617,Reg Burgess,players/R/Reg_Burgess.html
2624,Jack Butcher,players/J/Jack_Butcher.html
2644,Barney Carr,players/B/Barney_Carr.html
2646,Jack Carmody,players/J/Jack_Carmody.html
2657,Jack Cashman,players/J/Jack_Cashman.html
2665,Roy Cazaly,players/R/Roy_Cazaly.html
2666,Bert Chadwick,players/B/Bert_Chadwick.html
2667,Charles Chapman,players/C/Charles_Chapman.html
2681,Bob Chitty,players/B/Bob_Chitty.html
2682,John Chick,players/J/John_Chick.html
2684,Ansell Clarke,players/A/Ansell_Clarke.html
2694,Horrie Clover,players/H/Horrie_Clover.html
2700,Arthur Coghlan,players/A/Arthur_Coghlan.html
2702,Albert Collier,players/A/Albert_Collier.html
2724,Jock Cordner,players/J/Jock_Cordner.html
2737,Neville Crowe,players/N/Neville_Crowe.html
2745,Frank Curcio,players/F/Frank_Curcio.html
2748,Kevin Curran,players/K/Kevin_Curran0.html
2763,Col Deane,players/C/Col_Deane.html
2782,Brighton Diggins,players/B/Brighton_Diggins.html
2787,Brian Dixon,players/B/Brian_Dixon.html
2794,Graham Donaldson,players/G/Graham_Donaldson.html
2808,John Dugdale,players/J/John_Dugdale.html
2820,Jack Dyer,players/J/Jack_Dyer0.html
2823,Peter Eakins,players/P/Peter_Eakins.html
2835,Wels Eicke,players/W/Wels_Eicke.html
2844,Alec Epis,players/A/Alec_Epis.html
2847,Roy Evans,players/R/Roy_Evans.html
2861,Graham Farmer,players/G/Graham_Farmer.html
2875,Bill Findlay,players/B/Bill_Findlay.html
2881,Tom Fitzmaurice,players/T/Tom_Fitzmaurice.html
2882,Len Fitzgerald,players/L/Len_Fitzgerald.html
2883,Jim Fitzgerald,players/J/Jim_Fitzgerald.html
2887,Fred Flanagan,players/F/Fred_Flanagan.html
2892,Des Fothergill,players/D/Des_Fothergill.html
2901,Ken Fraser,players/K/Ken_Fraser.html
2903,Pat Fricker,players/P/Pat_Fricker.html
2906,Ray Gabelich,players/R/Ray_Gabelich.html
2914,Reg Garvin,players/R/Reg_Garvin.html
2918,Charlie Gaudion,players/C/Charlie_Gaudion.html
2938,Brian Gleeson,players/B/Brian_Gleeson.html
2939,George Gniel,players/G/George_Gniel.html
2940,Bill Goggin,players/B/Bill_Goggin.html
2946,John Goold,players/J/John_Goold.html
2951,Jack Graham,players/J/Jack_Graham0.html
2959,Edward Greeves,players/E/Edward_Greeves.html
2965,Fred Green,players/F/Fred_Green.html
2985,Tom Hafey,players/T/Tom_Hafey.html
2986,Lloyd Hagger,players/L/Lloyd_Hagger.html
3028,John Hayes,players/J/John_Hayes1.html
3030,Maurie Hearn,players/M/Maurie_Hearn.html
3040,Ern Henfry,players/E/Ern_Henfry.html
3042,John Henderson,players/J/John_Henderson.html
3050,Harry Hickey,players/H/Harry_Hickey.html
3058,Clarrie Hindson,players/C/Clarrie_Hindson.html
3060,Allan Hird,players/A/Allan_Hird0.html
3063,Gordon Hocking,players/G/Gordon_Hocking.html
3086,Ron Hovey,players/R/Ron_Hovey.html
3091,Verdun Howell,players/V/Verdun_Howell.html
3097,Fred Hughson,players/F/Fred_Hughson.html
3113,Jim Jackson,players/J/Jim_Jackson.html
3121,Allan Jeans,players/A/Allan_Jeans.html
3127,Maurie Johnson,players/M/Maurie_Johnson.html
3130,Frank Johnson,players/F/Frank_Johnson0.html
3133,Graeme John,players/G/Graeme_John.html
3154,Frank Kelly,players/F/Frank_Kelly0.html
3167,Stuart King,players/S/Stuart_King.html
3173,Jack Knight,players/J/Jack_Knight.html
3182,Phonse Kyne,players/P/Phonse_Kyne.html
3183,Allan La Fontaine,players/A/Allan_La_Fontaine.html
3188,George Lakes,players/G/George_Lakes.html
3194,Gordon Lane,players/G/Gordon_Lane.html
3203,Brad Moran,players/B/Brad_Moran.html
3206,Graeme Lee,players/G/Graeme_Lee.html
3208,Jim Leitch,players/J/Jim_Leitch.html
3209,Johnny Leonard,players/J/Johnny_Leonard.html
3217,Ted Llewellyn,players/T/Ted_Llewellyn.html
3218,Stan Lloyd,players/S/Stan_Lloyd.html
3237,Bert Lucas,players/B/Bert_Lucas0.html
3255,Frank Maher,players/F/Frank_Maher.html
3260,Albert Mantello,players/A/Albert_Mantello.html
3261,Hassa Mann,players/H/Hassa_Mann.html
3267,Gerald Marchesi,players/G/Gerald_Marchesi.html
3272,Horrie Mason,players/H/Horrie_Mason.html
3275,Herbie Matthews,players/H/Herbie_Matthews0.html
3301,Norm McDonald,players/N/Norm_McDonald0.html
3314,John McIntosh,players/J/John_McIntosh.html
3382,Jack Moriarty,players/J/Jack_Moriarty.html
3383,Alby Morrison,players/A/Alby_Morrison.html
3388,Bill Morris,players/B/Bill_Morris.html
3389,Tom Morrow,players/T/Tom_Morrow.html
3399,Jack Mueller,players/J/Jack_Mueller.html
3415,Laurie Nash,players/L/Laurie_Nash.html
3422,John Nicholls,players/J/John_Nicholls.html
3434,Ross Oakley,players/R/Ross_Oakley.html
3437,Paddy OBrien,players/P/Paddy_OBrien.html
3440,Dally OBrien,players/D/Dally_OBrien.html
3476,Arthur Olliver,players/A/Arthur_Olliver.html
3499,Charles Pannam,players/C/Charles_Pannam.html
3500,Albert Pannam,players/A/Albert_Pannam0.html
3512,Chris Pavlou,players/C/Chris_Pavlou.html
3523,Stan Penberthy,players/S/Stan_Penberthy.html
3561,Cliff Rankin,players/C/Cliff_Rankin.html
3570,Jack Regan,players/J/Jack_Regan.html
3578,Dick Reynolds,players/D/Dick_Reynolds.html
3582,Lou Richards,players/L/Lou_Richards.html
3585,Colin Rice,players/C/Colin_Rice.html
3594,Don Roach,players/D/Don_Roach.html
3600,Austin Robertson,players/A/Austin_Robertson1.html
3615,Ralph Rogerson,players/R/Ralph_Rogerson.html
3662,Paddy Scanlan,players/P/Paddy_Scanlan.html
3678,Jack Sexton,players/J/Jack_Sexton0.html
3685,Keith Shea,players/K/Keith_Shea.html
3688,Bob Shearman,players/B/Bob_Shearman.html
3696,Sergio Silvagni,players/S/Sergio_Silvagni.html
3702,Bob Skilton,players/B/Bob_Skilton.html
3711,Norm Smith,players/N/Norm_Smith.html
3731,Charles Stanbridge,players/C/Charles_Stanbridge.html
3743,Peter Steward,players/P/Peter_Steward.html
3756,Charlie Sutton,players/C/Charlie_Sutton.html
3760,Fred Swift,players/F/Fred_Swift.html
3767,Mark Tandy,players/M/Mark_Tandy.html
3770,Dick Taylor,players/D/Dick_Taylor.html
3772,Noel Teasdale,players/N/Noel_Teasdale.html
3777,Vic Thorp,players/V/Vic_Thorp.html
3779,Len Thomas,players/L/Len_Thomas.html
3789,George Todd,players/G/George_Todd.html
3790,Ron Todd,players/R/Ron_Todd.html
3807,Frank Tuck,players/F/Frank_Tuck.html
3816,Bill Twomey,players/B/Bill_Twomey0.html
3817,Charles Tyson,players/C/Charles_Tyson.html
3824,Francis Vine,players/F/Francis_Vine.html
3827,Clarrie Vontom,players/C/Clarrie_Vontom.html
3846,Norm Ware,players/N/Norm_Ware.html
3852,Colin Watson,players/C/Colin_Watson.html
3857,Terry Waters,players/T/Terry_Waters.html
3858,Ricky Watt,players/R/Ricky_Watt.html
3861,Len Webster,players/L/Len_Webster.html
3865,Murray Weideman,players/M/Murray_Weideman.html
3877,Len Wigraft,players/L/Len_Wigraft.html
3887,Bob Williams,players/B/Bob_Williams.html
3915,Fred Wooller,players/F/Fred_Wooller.html
3921,John Yeates,players/J/John_Yeates.html
3936,Guy Richards,players/G/Guy_Richards.html
3937,Kepler Bradley,players/K/Kepler_Bradley.html
3939,Brent Stanton,players/B/Brent_Stanton.html
3940,Adam Cooney,players/A/Adam_Cooney.html
3943,Aaron Davey,players/A/Aaron_Davey.html
3946,Jacob Surjan,players/J/Jacob_Surjan.html
3947,Brent Hartigan,players/B/Brent_Hartigan.html
3949,Paul Bevan,players/P/Paul_Bevan.html
3950,Jarrad McVeigh,players/J/Jarrad_McVeigh.html
3952,Anthony Corrie,players/A/Anthony_Corrie.html
3953,Tom Davidson,players/T/Tom_Davidson.html
3954,Kane Tenace,players/K/Kane_Tenace.html
3955,Brett Ebert,players/B/Brett_Ebert.html
3958,Andrew Mackie,players/A/Andrew_Mackie.html
3959,Brad Sewell,players/B/Brad_Sewell.html
3960,Beau Waters,players/B/Beau_Waters.html
3962,Troy Chaplin,players/T/Troy_Chaplin.html
3963,Mark Seaby,players/M/Mark_Seaby.html
3968,Nathan Bock,players/N/Nathan_Bock.html
3969,Andrew Walker,players/A/Andrew_Walker.html
3975,Sam Fisher,players/S/Sam_Fisher.html
3976,Jed Adcock,players/J/Jed_Adcock.html
3978,Brad Symes,players/B/Brad_Symes.html
3980,Nick Maxwell,players/N/Nick_Maxwell.html
3981,Colin Sylvia,players/C/Colin_Sylvia.html
3982,Daniel Pratt,players/D/Daniel_Pratt.html
3983,Sam Butler,players/S/Sam_Butler0.html
3986,Brock McLean,players/B/Brock_McLean.html
3995,Ray Windsor,
4012,Stephen Hooper,players/S/Stephen_Hooper.html
4035,Gary Stevens,players/G/Gary_Stevens.html
4036,Richard Ambrose,players/R/Richard_Ambrose.html
4044,Daniel Jackson,players/D/Daniel_Jackson.html
4045,Shannon Byrnes,players/S/Shannon_Byrnes.html
4046,Raphael Clarke,players/R/Raphael_Clarke.html
4047,Michael Rischitelli,players/M/Michael_Rischitelli.html
4049,Adam Bentick,players/A/Adam_Bentick.html
4050,Luke Shackleton,players/L/Luke_Shackleton.html
4052,Jason Laycock,players/J/Jason_Laycock.html
4056,Andrew Carrazzo,players/A/Andrew_Carrazzo.html
4057,Andrew Raines,players/A/Andrew_Raines.html
4060,Eddie Betts,players/E/Eddie_Betts.html
4062,Paul Thomas,players/P/Paul_Thomas.html
4063,Troy Selwood,players/T/Troy_Selwood.html
4064,Matthew Egan,players/M/Matthew_Egan.html
4065,Lance Franklin,players/L/Lance_Franklin.html
4068,Brett Deledio,players/B/Brett_Deledio.html
4073,Sean Dempster,players/S/Sean_Dempster.html
4075,Nathan van Berlo,players/N/Nathan_van_Berlo.html
4076,Andrew Lovett,players/A/Andrew_Lovett.html
4077,Jordan Lewis,players/J/Jordan_Lewis.html
4078,Jarryd Roughead,players/J/Jarryd_Roughead.html
4080,Ryan Griffen,players/R/Ryan_Griffen.html
4082,Justin Sherman,players/J/Justin_Sherman.html
4083,Michael Johnson,players/M/Michael_Johnson.html
4084,Dale Morris,players/D/Dale_Morris.html
4085,Cameron Wood,players/C/Cameron_Wood.html
4086,Travis Cloke,players/T/Travis_Cloke.html
4087,Hamish McIntosh,players/H/Hamish_McIntosh.html
4088,David Mundy,players/D/David_Mundy.html
4091,Richard Tambling,players/R/Richard_Tambling.html
4092,Matthew Moody,players/M/Matthew_Moody.html
4103,Jesse Smith,players/J/Jesse_Smith0.html
4110,Tom Lonergan,players/T/Tom_Lonergan.html
4112,Nathan Foley,players/N/Nathan_Foley.html
4114,Mark LeCras,players/M/Mark_LeCras.html
4115,Ryan Crowley,players/R/Ryan_Crowley.html
4117,Nick Malceski,players/N/Nick_Malceski.html
4118,Aaron Edwards,players/A/Aaron_Edwards.html
4124,Will Thursfield,players/W/Will_Thursfield.html
4131,Clinton Young,players/C/Clinton_Young.html
4132,Heath Shaw,players/H/Heath_Shaw.html
4133,Matt Rosa,players/M/Matt_Rosa.html
4134,Heritier Lumumba,players/H/Heritier_Lumumba.html
4137,Danyle Pearce,players/D/Danyle_Pearce.html
4140,Nathan Ablett,players/N/Nathan_Ablett.html
4144,Paddy Ryder,players/P/Paddy_Ryder.html
4145,Josh Gibson,players/J/Josh_Gibson.html
4146,Mitch Clark,players/M/Mitch_Clark.html
4148,Marc Murphy,players/M/Marc_Murphy.html
4149,Grant Birchall,players/G/Grant_Birchall.html
4150,Clint Bartram,players/C/Clint_Bartram.html
4151,Bernie Vince,players/B/Bernie_Vince.html
4152,Dale Thomas,players/D/Dale_Thomas.html
4156,Cheynee Stiller,players/C/Cheynee_Stiller.html
4158,Jason Porplyzia,players/J/Jason_Porplyzia.html
4160,Matthew Bate,players/M/Matthew_Bate.html
4162,Shannon Hurn,players/S/Shannon_Hurn.html
4165,Ivan Maric,players/I/Ivan_Maric.html
4168,Dean Polo,players/D/Dean_Polo.html
4169,Josh Kennedy,players/J/Josh_Kennedy0.html
4175,Luke Blackwell,players/L/Luke_Blackwell.html
4176,Andrew Swallow,players/A/Andrew_Swallow.html
4177,James Ezard,players/J/James_Ezard.html
4178,Sam Gilbert,players/S/Sam_Gilbert.html
4179,Joel Patfull,players/J/Joel_Patfull.html
4180,Shaun Higgins,players/S/Shaun_Higgins.html
4182,Scott Pendlebury,players/S/Scott_Pendlebury.html
4185,Matt White,players/M/Matt_White.html
4186,Matt Priddis,players/M/Matt_Priddis.html
4193,Matt Thomas,players/M/Matt_Thomas.html
4200,Alipate Carlile,players/A/Alipate_Carlile.html
4230,Eddie Sholl,players/E/Eddie_Sholl.html
4233,Ned Sutton,players/N/Ned_Sutton.html
4235,Dick Wardill,players/D/Dick_Wardill.html
4255,Joe Hogan,players/J/Joe_Hogan0.html
4272,Billy Shaw,players/B/Billy_Shaw.html
4280,Dave Adamson,players/D/Dave_Adamson.html
4284,George Davidson,players/G/George_Davidson.html
4288,Bill Fraser,players/B/Bill_Fraser.html
4291,Bert Howson,players/B/Bert_Howson.html
4307,Bill Windley,players/B/Bill_Windley.html
4308,Jim Anderson,players/J/Jim_Anderson.html
4316,Tod Collins,players/T/Tod_Collins.html
4321,Hugh Gavin,players/H/Hugh_Gavin.html
4327,Arthur Leach,players/A/Arthur_Leach.html
4337,George Stuckey,players/G/George_Stuckey.html
4347,Bill Cleary,players/B/Bill_Cleary.html
4356,Ern Jenkins,players/E/Ern_Jenkins.html
4361,Dick McCabe,players/D/Dick_McCabe.html
4364,Bill McSpeerin,players/B/Bill_McSpeerin.html
4377,Alec Sloan,players/A/Alec_Sloan.html
4384,Peter Burns,players/P/Peter_Burns0.html
4386,Jack Conway,players/J/Jack_Conway.html
4388,Jim Flynn,players/J/Jim_Flynn.html
4399,Joe McShane,players/J/Joe_McShane.html
4410,Cecil Sandford,players/C/Cecil_Sandford.html
4414,Henry Young,players/H/Henry_Young.html
4416,Jimmy Aitken,players/J/Jimmy_Aitken.html
4450,Ernie Walton,players/E/Ernie_Walton.html
4455,Dick Condon,players/D/Dick_Condon.html
4474,Charlie Pannam,players/C/Charlie_Pannam.html
4477,Bill Proudfoot,players/B/Bill_Proudfoot.html
4481,Billy Strickland,players/B/Billy_Strickland.html
4483,Lardie Tulloch,players/L/Lardie_Tulloch.html
4489,Vic Cumberland,players/V/Vic_Cumberland.html
4495,Bill McClelland,players/B/Bill_McClelland.html
4513,Tom Fogarty,players/T/Tom_Fogarty0.html
4560,Albert Trim,players/A/Albert_Trim.html
4566,Bill Jackson,players/B/Bill_Jackson.html
4574,Eddie Drohan,players/E/Eddie_Drohan.html
4624,Fred Elliott,players/F/Fred_Elliott.html
4632,Arthur Sowden,players/A/Arthur_Sowden.html
4647,Ralph Robertson,players/R/Ralph_Robertson.html
4648,Jimmy Smith,players/J/Jimmy_Smith0.html
4671,Billy Griffith,players/B/Billy_Griffith.html
4675,Albert Thurgood,players/A/Albert_Thurgood.html
4701,Bill Stuckey,players/B/Bill_Stuckey.html
4720,Frank Langley,players/F/Frank_Langley.html
4759,Gerald Brosnan,players/G/Gerald_Brosnan.html
4805,Vin Coutie,players/V/Vin_Coutie.html
4851,Jack McKenzie,players/J/Jack_McKenzie0.html
4853,Bill Robinson,players/B/Bill_Robinson0.html
4862,Jim Sharp,players/J/Jim_Sharp.html
4896,Alf Dummett,players/A/Alf_Dummett.html
4940,Harvey Kelly,players/H/Harvey_Kelly.html
4972,Bill Eason,players/B/Bill_Eason.html
5006,George Angus,players/G/George_Angus.html
5012,Harry Cordner,players/H/Harry_Cordner.html
5021,Vic Barwick,players/V/Vic_Barwick.html
5024,Sam Gravenall,players/S/Sam_Gravenall.html
5043,Len Incigneri,players/L/Len_Incigneri.html
5046,Billy McGee,players/B/Billy_McGee.html
5065,Dave Smith,players/D/Dave_Smith.html
5071,Bill Walker,players/B/Bill_Walker0.html
5099,Jock McHale,players/J/Jock_McHale.html
5104,Bernie Nolan,players/B/Bernie_Nolan.html
5106,Hugh Purse,players/H/Hugh_Purse.html
5156,Edgar Kneen,players/E/Edgar_Kneen.html
5187,Allan Belcher,players/A/Allan_Belcher.html
5190,Ivor Lawson,players/I/Ivor_Lawson.html
5193,Bob Nash,players/B/Bob_Nash.html
5216,Gordon Dangerfield,players/G/Gordon_Dangerfield.html
5223,Harry Lever,players/H/Harry_Lever.html
5226,Dave McNamara,players/D/Dave_McNamara.html
5238,Bill Dolphin,players/B/Bill_Dolphin.html
5247,Bill Thomas,players/B/Bill_Thomas1.html
5267,George Elliott,players/G/George_Elliott.html
5285,Rod McGregor,players/R/Rod_McGregor.html
5293,Percy Ogden,players/P/Percy_Ogden.html
5312,Jack West,players/J/Jack_West.html
5325,Jack Wells,players/J/Jack_Wells.html
5339,Charlie Ricketts,players/C/Charlie_Ricketts.html
5346,Alf George,players/A/Alf_George.html
5379,Billy Orchard,players/B/Billy_Orchard.html
5405,Dick Lee,players/D/Dick_Lee.html
5433,George Morrissey,players/G/George_Morrissey1.html
5438,Vic Belcher,players/V/Vic_Belcher.html
5467,Jack Cooper,players/J/Jack_Cooper2.html
5470,Wally Johnson,players/W/Wally_Johnson.html
5471,Harold McLennan,players/H/Harold_McLennan.html
5531,Syd Barker,players/S/Syd_Barker0.html
5541,Ted Ohlson,players/T/Ted_Ohlson.html
5546,Billy Schmidt,players/B/Billy_Schmidt.html
5583,Bert Hurrey,players/B/Bert_Hurrey.html
5593,Billy Dick,players/B/Billy_Dick.html
5598,George Holden,players/G/George_Holden.html
5698,Hughie James,players/H/Hughie_James.html
5710,Jim Caldwell,players/J/Jim_Caldwell.html
5746,Percy Parratt,players/P/Percy_Parratt.html
5753,Alec Eason,players/A/Alec_Eason.html
5755,Harry Marsham,players/H/Harry_Marsham.html
5775,Percy Wilson,players/P/Percy_Wilson.html
5825,Percy Maybury,players/P/Percy_Maybury.html
5841,Fred Baring,players/F/Fred_Baring.html
5870,George Heinz,players/G/George_Heinz.html
6009,Gordon Green,players/G/Gordon_Green1.html
6022,Dan Minogue,players/D/Dan_Minogue.html
6050,Clarrie Hall,players/C/Clarrie_Hall.html
6086,Carl Willis,players/C/Carl_Willis.html
6099,Bert Rankin,players/B/Bert_Rankin.html
6184,Chris Lethbridge,players/C/Chris_Lethbridge.html
6197,Harry Curtis,players/H/Harry_Curtis.html
6252,Frank Hughes,players/F/Frank_Hughes1.html
6305,Charlie Fisher,players/C/Charlie_Fisher.html
6377,Harold Craven,players/H/Harold_Craven.html
6381,Jim Kearney,players/J/Jim_Kearney.html
6393,Con McCarthy,players/C/Con_McCarthy.html
6421,Tom Drummond,players/T/Tom_Drummond.html
6458,Gordon Rattray,players/G/Gordon_Rattray.html
6546,Bill Twomey,players/B/Bill_Twomey1.html
6613,Bob Scott,
6675,Stan Williams,players/S/Stan_Williams.html
6735,Clarrie Lethlean,players/C/Clarrie_Lethlean.html
6755,Mel Morris,players/M/Mel_Morris.html
6773,Bert Sutton,players/B/Bert_Sutton.html
7029,Tim Trevaskis,players/T/Tim_Trevaskis.html
7033,Gerry Donnelly,players/G/Gerry_Donnelly.html
7114,Paddy Burke,players/P/Paddy_Burke.html
7183,Dooley Lilburne,players/D/Dooley_Lilburne.html
7418,Bruce Andrew,players/B/Bruce_Andrew1.html
7723,Sid Dockendorff,players/S/Sid_Dockendorff.html
7879,Jack Perkins,players/J/Jack_Perkins.html
7986,Jack Grant,players/J/Jack_Grant1.html
8305,Shane McGrath,players/S/Shane_McGrath1.html
8380,Stan Heal,players/S/Stan_Heal.html
8388,Bob McLean,players/B/Bob_McLean.html
8520,Terry Cashion,players/T/Terry_Cashion.html
8563,Bob Atkinson,players/B/Bob_Atkinson0.html
8697,Fred Fairweather,players/F/Fred_Fairweather.html
8744,Jack Oatey,players/J/Jack_Oatey.html
8745,Jack Sheedy,players/J/Jack_Sheedy.html
9034,Ron Richards,players/R/Ron_Richards1.html
9260,Ian Gillett,players/I/Ian_Gillett.html
9357,Peter Kanis,players/P/Peter_Kanis.html
9539,Neil Davies,players/N/Neil_Davies.html
9725,Ken Grimley,
9747,Barry Metcalfe,players/B/Barry_Metcalfe.html
9788,John Schultz,players/J/John_Schultz1.html
9948,Vasil Varlamos,players/V/Vasil_Varlamos.html
10668,Robert Day,players/R/Robert_Day.html
10785,Mal Brown,players/M/Mal_Brown.html
10988,Graham Cornes,players/G/Graham_Cornes.html
11068,Zane Taylor,players/Z/Zane_Taylor.html
11195,John Taylor,players/J/John_Taylor.html
11238,James Bennett,players/J/James_Bennett.html
11275,Allen Daniels,players/A/Allen_Daniels.html
11376,Athas Hrysoulakis,players/A/Athas_Hrysoulakis.html
11411,Stuart Nicol,players/S/Stuart_Nicol.html
11425,Ian Dargie,players/I/Ian_Dargie.html
11430,Richard Lounder,players/R/Richard_Lounder.html
11434,Cory Young,players/C/Cory_Young.html
11499,Gregory Whittlesea,players/G/Gregory_Whittlesea.html
11501,Stephen Anderson,players/S/Stephen_Anderson.html
11535,Bryce Gibbs,players/B/Bryce_Gibbs.html
11538,Joel Selwood,players/J/Joel_Selwood.html
11540,Lindsay Thomas,players/L/Lindsay_Thomas1.html
11546,Kieren Jack,players/K/Kieren_Jack.html
11548,Tom Hawkins,players/T/Tom_Hawkins.html
11550,Mitch Brown,players/M/Mitch_Brown0.html
11552,Brad Dick,players/B/Brad_Dick.html
11555,Jarrod Harbrow,players/J/Jarrod_Harbrow.html
11556,Tom Williams,players/T/Tom_Williams1.html
11557,Shane Edwards,players/S/Shane_Edwards.html
11560,Colin Garland,players/C/Colin_Garland.html
11561,Ricky Petterd,players/R/Ricky_Petterd.html
11563,Ross Young,players/R/Ross_Young.html
11566,Bachar Houli,players/B/Bachar_Houli.html
11567,Garry Moss,players/G/Garry_Moss.html
11568,Tyson Goldsack,players/T/Tyson_Goldsack.html
11569,Scott McMahon,players/S/Scott_McMahon.html
11575,James Frawley,players/J/James_Frawley.html
11576,Jack Riewoldt,players/J/Jack_Riewoldt.html
11578,Robbie Gray,players/R/Robbie_Gray.html
11579,Justin Westhoff,players/J/Justin_Westhoff.html
11580,Garrick Ibbotson,players/G/Garrick_Ibbotson.html
11583,Travis Boak,players/T/Travis_Boak.html
11585,Martin Clarke,players/M/Martin_Clarke.html
11588,Michael Newton,players/M/Michael_Newton.html
11589,Ben Reid,players/B/Ben_Reid.html
11593,Matthew Leuenberger,players/M/Matthew_Leuenberger.html
11594,Shaun Grigg,players/S/Shaun_Grigg.html
11596,Eric Mackenzie,players/E/Eric_Mackenzie.html
11597,Ben McKinley,players/B/Ben_McKinley.html
11602,Josh Hill,players/J/Josh_Hill.html
11614,Kyle Reimers,players/K/Kyle_Reimers.html
11627,Nathan Brown,players/N/Nathan_Brown2.html
11628,Cale Morton,players/C/Cale_Morton.html
11630,Jarryn Geary,players/J/Jarryn_Geary.html
11632,Cyril Rioli,players/C/Cyril_Rioli.html
11633,Kurt Tippett,players/K/Kurt_Tippett.html
11635,Craig Bird,players/C/Craig_Bird.html
11636,Scott Thompson,players/S/Scott_Thompson1.html
11638,Chris Masten,players/C/Chris_Masten.html
11639,Brad Ebert,players/B/Brad_Ebert.html
11641,Rhys Palmer,players/R/Rhys_Palmer.html
11642,Chris Mayne,players/C/Chris_Mayne.html
11643,Harry Taylor,players/H/Harry_Taylor.html
11644,Scott Selwood,players/S/Scott_Selwood.html
11645,Matthew Kreuzer,players/M/Matthew_Kreuzer.html
11647,Austin Wonaeamirri,players/A/Austin_Wonaeamirri.html
11648,Tayte Pears,players/T/Tayte_Pears.html
11649,Ben Ross,players/B/Ben_Ross.html
11653,Nick Smith,players/N/Nick_Smith1.html
11656,Shane Mumford,players/S/Shane_Mumford.html
11657,Jesse White,players/J/Jesse_White.html
11666,Trent Cotchin,players/T/Trent_Cotchin.html
11668,Shane Valenti,players/S/Shane_Valenti.html
11671,Jarryd Morton,players/J/Jarryd_Morton.html
11672,Josh Kennedy,players/J/Josh_Kennedy1.html
11674,Gavin Urquhart,players/G/Gavin_Urquhart.html
11677,Callan Ward,players/C/Callan_Ward.html
11678,Andy Otten,players/A/Andy_Otten.html
11682,Ben McEvoy,players/B/Ben_McEvoy.html
11684,Stefan Martin,players/S/Stefan_Martin.html
11686,Todd Goldstein,players/T/Todd_Goldstein.html
11687,Bradd Dalziell,players/B/Bradd_Dalziell.html
11700,Patrick Dangerfield,players/P/Patrick_Dangerfield.html
11702,Cale Hooker,players/C/Cale_Hooker.html
11704,Pearce Hanley,players/P/Pearce_Hanley.html
11707,Jack Grimes,players/J/Jack_Grimes.html
11708,Sam Jacobs,players/S/Sam_Jacobs.html
11709,Aaron Joseph,players/A/Aaron_Joseph.html
11710,Mitch Robinson,players/M/Mitch_Robinson.html
11711,Jeff Garlett,players/J/Jeff_Garlett.html
11713,Taylor Walker,players/T/Taylor_Walker.html
11715,Michael Hurley,players/M/Michael_Hurley.html
11716,Stephen Hill,players/S/Stephen_Hill.html
11717,Nick Suban,players/N/Nick_Suban.html
11723,Neville Jetta,players/N/Neville_Jetta.html
11724,Jack Ziebell,players/J/Jack_Ziebell.html
11725,Daniel Rich,players/D/Daniel_Rich.html
11728,Dayne Beams,players/D/Dayne_Beams.html
11729,David Zaharakis,players/D/David_Zaharakis.html
11733,Alex Rance,players/A/Alex_Rance.html
11738,Jaxson Barham,players/J/Jaxson_Barham.html
11740,Hamish Hartlett,players/H/Hamish_Hartlett.html
11744,Jarrad Grant,players/J/Jarrad_Grant.html
11750,Chris Yarran,players/C/Chris_Yarran.html
11751,Steele Sidebottom,players/S/Steele_Sidebottom.html
11755,Sam Wright,players/S/Sam_Wright.html
11763,Michael Walters,players/M/Michael_Walters.html
11765,Jack Watts,players/J/Jack_Watts.html
11768,Nic Naitanui,players/N/Nic_Naitanui.html
11769,Liam Jurrah,players/L/Liam_Jurrah.html
11770,Hayden Ballantyne,players/H/Hayden_Ballantyne.html
11771,Zac Clarke,players/Z/Zac_Clarke.html
11780,Jack Redden,players/J/Jack_Redden.html
11783,Dan Hannebery,players/D/Dan_Hannebery.html
11787,Tom Rockliff,players/T/Tom_Rockliff.html
11788,Easton Wood,players/E/Easton_Wood.html
11791,Jack Steven,players/J/Jack_Steven.html
11792,Rory Sloane,players/R/Rory_Sloane.html
11793,Shane Savage,players/S/Shane_Savage.html
11794,Dustin Martin,players/D/Dustin_Martin.html
11798,Mitch Duncan,players/M/Mitch_Duncan.html
11802,Tom Scully,players/T/Tom_Scully.html
11803,Jack Trengove,players/J/Jack_Trengove.html
11804,Lewis Jetta,players/L/Lewis_Jetta.html
11805,Luke Shuey,players/L/Luke_Shuey.html
11806,Todd Banfield,players/T/Todd_Banfield.html
11808,Anthony Morabito,players/A/Anthony_Morabito.html
11809,Michael Barlow,players/M/Michael_Barlow.html
11811,Ryan Bastinac,players/R/Ryan_Bastinac.html
11812,Jackson Trengove,players/J/Jackson_Trengove.html
11818,Steven Motlop,players/S/Steven_Motlop.html
11820,Jake Melksham,players/J/Jake_Melksham.html
11823,James Podsiadly,players/J/James_Podsiadly.html
11824,Ben Stratton,players/B/Ben_Stratton.html
11825,Phil Davis,players/P/Phil_Davis.html
11834,Nat Fyfe,players/N/Nat_Fyfe.html
11835,Ben Cunnington,players/B/Ben_Cunnington.html
11839,Dylan Roberton,players/D/Dylan_Roberton.html
11843,Brad Sheppard,players/B/Brad_Sheppard.html
11845,Jack Gunston,players/J/Jack_Gunston.html
11849,Jordan Gysberts,players/J/Jordan_Gysberts.html
11855,Jarryd Blair,players/J/Jarryd_Blair.html
11859,Robbie Tarrant,players/R/Robbie_Tarrant.html
11865,Tom Lynch,players/T/Tom_Lynch0.html
11866,Liam Jones,players/L/Liam_Jones.html
11871,Jake Carlisle,players/J/Jake_Carlisle.html
11873,Daniel Menzel,players/D/Daniel_Menzel.html
11879,Dylan Grimes,players/D/Dylan_Grimes.html
11880,Sam Reid,players/S/Sam_Reid2.html
11881,Andrew Hooper,players/A/Andrew_Hooper.html
11884,Cameron Guthrie,players/C/Cameron_Guthrie.html
11885,Jasper Pittard,players/J/Jasper_Pittard.html
11888,Reece Conca,players/R/Reece_Conca.html
11889,Jake Batchelor,players/J/Jake_Batchelor.html
11891,Brodie Smith,players/B/Brodie_Smith.html
11893,Claye Beams,players/C/Claye_Beams.html
11896,Dyson Heppell,players/D/Dyson_Heppell.html
11898,Tom Liberatore,players/T/Tom_Liberatore.html
11904,Andrew Gaff,players/A/Andrew_Gaff.html
11905,Jack Darling,players/J/Jack_Darling.html
11909,Zac Smith,players/Z/Zac_Smith.html
11912,Trent McKenzie,players/T/Trent_McKenzie.html
11914,Charlie Dixon,players/C/Charlie_Dixon.html
11915,Brandon Matera,players/B/Brandon_Matera.html
11916,Harley Bennell,players/H/Harley_Bennell.html
11917,Dion Prestia,players/D/Dion_Prestia.html
11919,David Swallow,players/D/David_Swallow.html
11920,Allen Christensen,players/A/Allen_Christensen.html
11934,Mitch Wallis,players/M/Mitch_Wallis.html
11938,Michael Hibberd,players/M/Michael_Hibberd.html
11940,Steven May,players/S/Steven_May.html
11941,Isaac Smith,players/I/Isaac_Smith.html
11948,Tom Lynch,players/T/Tom_Lynch1.html
11950,Arryn Siposs,players/A/Arryn_Siposs.html
11951,Tom Nicholls,players/T/Tom_Nicholls.html
11953,Luke Parker,players/L/Luke_Parker.html
11954,Luke Breust,players/L/Luke_Breust.html
11966,Max Gawn,players/M/Max_Gawn.html
11967,Jeremy Howe,players/J/Jeremy_Howe.html
11974,Luke Dahlhaus,players/L/Luke_Dahlhaus.html
11976,Mitch Golby,players/M/Mitch_Golby.html
11977,Alex Fasolo,players/A/Alex_Fasolo.html
11985,Ian Callinan,players/I/Ian_Callinan.html
11988,Sam Blease,players/S/Sam_Blease.html
11989,Daniel Talia,players/D/Daniel_Talia.html
11996,Ben Sinclair,players/B/Ben_Sinclair.html
12002,Tom Jonas,players/T/Tom_Jonas.html
12008,Aaron Mullett,players/A/Aaron_Mullett.html
12009,Tom McDonald,players/T/Tom_McDonald.html
12010,Josh Caddy,players/J/Josh_Caddy.html
12015,Harry Cunningham,players/H/Harry_Cunningham.html
12016,Tomas Bugg,players/T/Tomas_Bugg.html
12017,Jeremy Cameron,players/J/Jeremy_Cameron.html
12022,Dylan Shiel,players/D/Dylan_Shiel.html
12023,Jacob Townsend,players/J/Jacob_Townsend.html
12025,Toby Greene,players/T/Toby_Greene.html
12027,Adam Tomlinson,players/A/Adam_Tomlinson.html
12028,Stephen Coniglio,players/S/Stephen_Coniglio.html
12029,Devon Smith,players/D/Devon_Smith.html
12032,Dom Tyson,players/D/Dom_Tyson.html
12034,Brandon Ellis,players/B/Brandon_Ellis.html
12035,Paul Seedsman,players/P/Paul_Seedsman.html
12047,Chad Wingard,players/C/Chad_Wingard.html
12052,Sam Kerridge,players/S/Sam_Kerridge.html
12053,George Horlin-Smith,players/G/George_Horlin-Smith.html
12054,Adam Treloar,players/A/Adam_Treloar.html
12055,Lachie Neale,players/L/Lachie_Neale.html
12056,Sam Shaw,players/S/Sam_Shaw.html
12059,Anthony Miles,players/A/Anthony_Miles.html
12060,Bradley Hill,players/B/Bradley_Hill.html
12061,Jack Crisp,players/J/Jack_Crisp.html
12066,Taylor Adams,players/T/Taylor_Adams.html
12067,Jarryd Lyons,players/J/Jarryd_Lyons.html
12068,Aaron Young,players/A/Aaron_Young.html
12074,Josh Jenkins,players/J/Josh_Jenkins.html
12076,Dayne Zorko,players/D/Dayne_Zorko.html
12081,Sam Darley,players/S/Sam_Darley.html
12083,Jamie Elliott,players/J/Jamie_Elliott1.html
12084,Marley Williams,players/M/Marley_Williams.html
12087,Elliot Yeo,players/E/Elliot_Yeo.html
12089,Jordan Schroder,players/J/Jordan_Schroder.html
12091,Nick Haynes,players/N/Nick_Haynes.html
12096,Jonathon Patton,players/J/Jonathon_Patton.html
12106,Luke Brown,players/L/Luke_Brown1.html
12113,Steve Clifton,players/S/Steve_Clifton.html
12122,Jason Johannisen,players/J/Jason_Johannisen.html
12123,Michael Talia,players/M/Michael_Talia.html
12132,Sebastian Ross,players/S/Sebastian_Ross.html
12140,Dane Rampe,players/D/Dane_Rampe.html
12141,Jaeger OMeara,players/J/Jaeger_OMeara.html
12143,Lachie Whitfield,players/L/Lachie_Whitfield.html
12147,Jack Viney,players/J/Jack_Viney.html
12150,Ollie Wines,players/O/Ollie_Wines.html
12151,Jake Neade,players/J/Jake_Neade.html
12152,Kane Mitchell,players/K/Kane_Mitchell.html
12153,Mark Blicavs,players/M/Mark_Blicavs.html
12154,Jed Anderson,players/J/Jed_Anderson.html
12156,Brad Crouch,players/B/Brad_Crouch.html
12159,Dylan Buckley,players/D/Dylan_Buckley.html
12162,Sam Mayes,players/S/Sam_Mayes.html
12165,Rory Laird,players/R/Rory_Laird.html
12166,Jack Macrae,players/J/Jack_Macrae.html
12167,Jake Stringer,players/J/Jake_Stringer.html
12168,Majak Daw,players/M/Majak_Daw.html
12170,Sam Docherty,players/S/Sam_Docherty.html
12174,Nick Vlastuin,players/N/Nick_Vlastuin.html
12175,Zac Williams,players/Z/Zac_Williams.html
12177,Jarrod Witts,players/J/Jarrod_Witts.html
12185,Jackson Thurlow,players/J/Jackson_Thurlow.html
12189,Troy Menzel,players/T/Troy_Menzel.html
12190,Nathan Hrovat,players/N/Nathan_Hrovat.html
12196,Tom Mitchell,players/T/Tom_Mitchell.html
12199,Joe Daniher,players/J/Joe_Daniher.html
12203,Lachie Hunter,players/L/Lachie_Hunter.html
12205,Matthew Taberner,players/M/Matthew_Taberner.html
12216,Mitch Grigg,players/M/Mitch_Grigg.html
12217,Brodie Grundy,players/B/Brodie_Grundy.html
12222,Nick Graham,players/N/Nick_Graham.html
12233,Tom Langdon,players/T/Tom_Langdon.html
12236,Jack Martin,players/J/Jack_Martin.html
12237,Jarman Impey,players/J/Jarman_Impey.html
12241,Zach Merrett,players/Z/Zach_Merrett.html
12246,Luke McDonald,players/L/Luke_McDonald.html
12247,Luke Dunstan,players/L/Luke_Dunstan.html
12249,Jack Billings,players/J/Jack_Billings.html
12250,James Aish,players/J/James_Aish.html
12252,Lewis Taylor,players/L/Lewis_Taylor.html
12253,Dom Sheed,players/D/Dom_Sheed.html
12255,Josh Kelly,players/J/Josh_Kelly.html
12256,Kade Kolodjashnij,players/K/Kade_Kolodjashnij.html
12258,Matt Crouch,players/M/Matt_Crouch.html
12261,Patrick Cripps,players/P/Patrick_Cripps.html
12267,Darcy Gardiner,players/D/Darcy_Gardiner.html
12268,Jake Lloyd,players/J/Jake_Lloyd.html
12269,Marcus Bontempelli,players/M/Marcus_Bontempelli.html
12270,Tom Boyd,players/T/Tom_Boyd.html
12271,Mitch Hallahan,players/M/Mitch_Hallahan.html
12272,Christian Salem,players/C/Christian_Salem.html
12273,Jeremy McGovern,players/J/Jeremy_McGovern.html
12274,Billy Hartung,players/B/Billy_Hartung.html
12276,Blake Acres,players/B/Blake_Acres.html
12277,Charlie Cameron,players/C/Charlie_Cameron3.html
12279,Ben Lennon,players/B/Ben_Lennon.html
12284,Tim Broomhead,players/T/Tim_Broomhead.html
12286,Darcy Lang,players/D/Darcy_Lang.html
12289,Ben Brown,players/B/Ben_Brown.html
12293,Mitch Honeychurch,players/M/Mitch_Honeychurch.html
12298,Alex Woodward,players/A/Alex_Woodward.html
12302,Orazio Fantasia,players/O/Orazio_Fantasia.html
12315,Cam McCarthy,players/C/Cam_McCarthy.html
12317,Kamdyn McIntosh,players/K/Kamdyn_McIntosh.html
12318,Jordan de Goey,players/J/Jordan_de_Goey.html
12320,Cory Gregson,players/C/Cory_Gregson.html
12321,Jesse Hogan,players/J/Jesse_Hogan.html
12322,Angus Brayshaw,players/A/Angus_Brayshaw.html
12324,Jack Lonie,players/J/Jack_Lonie.html
12325,Jack Sinclair,players/J/Jack_Sinclair.html
12326,Isaac Heeney,players/I/Isaac_Heeney.html
12330,Adam Saad,players/A/Adam_Saad.html
12331,Touk Miller,players/T/Touk_Miller.html
12332,James Sicily,players/J/James_Sicily.html
12333,Kane Lambert,players/K/Kane_Lambert.html
12334,Liam Duggan,players/L/Liam_Duggan.html
12339,Paddy McCartin,players/P/Paddy_McCartin.html
12340,Harris Andrews,players/H/Harris_Andrews.html
12341,Blaine Boekhorst,players/B/Blaine_Boekhorst.html
12349,Kyle Langford,players/K/Kyle_Langford.html
12351,Jake Lever,players/J/Jake_Lever.html
12352,Alex Pearce,players/A/Alex_Pearce.html
12354,Bailey Dale,players/B/Bailey_Dale.html
12357,Karl Amon,players/K/Karl_Amon.html
12358,Liam Dawson,players/L/Liam_Dawson.html
12366,Peter Wright,players/P/Peter_Wright.html
12368,Jack Steele,players/J/Jack_Steele.html
12369,Caleb Marchbank,players/C/Caleb_Marchbank.html
12371,Brayden Maynard,players/B/Brayden_Maynard.html
12372,Darcy Moore,players/D/Darcy_Moore.html
12373,Caleb Daniel,players/C/Caleb_Daniel.html
12374,Toby Nankervis,players/T/Toby_Nankervis.html
12379,James Harmes,players/J/James_Harmes.html
12383,Tom Barrass,players/T/Tom_Barrass.html
12385,Lachie Weller,players/L/Lachie_Weller.html
12394,Oscar McDonald,players/O/Oscar_McDonald.html
12397,Connor Blakely,players/C/Connor_Blakely.html
12402,Jacob Weitering,players/J/Jacob_Weitering.html
12403,Daniel Rioli,players/D/Daniel_Rioli.html
12405,Wayne Milera,players/W/Wayne_Milera.html
12406,Darcy Parish,players/D/Darcy_Parish.html
12408,Josh Dunkley,players/J/Josh_Dunkley.html
12410,Clayton Oliver,players/C/Clayton_Oliver.html
12411,George Hewett,players/G/George_Hewett.html
12412,Tom Papley,players/T/Tom_Papley.html
12413,Callum Mills,players/C/Callum_Mills.html
12415,Jade Gresham,players/J/Jade_Gresham.html
12416,Josh Schache,players/J/Josh_Schache.html
12418,Jayden Short,players/J/Jayden_Short.html
12421,Charlie Curnow,players/C/Charlie_Curnow.html
12422,Darcy Byrne-Jones,players/D/Darcy_Byrne-Jones.html
12430,Christian Petracca,players/C/Christian_Petracca.html
12431,Jason Castagna,players/J/Jason_Castagna.html
12433,Aliir Aliir,players/A/Aliir_Aliir.html
12434,Ben Keays,players/B/Ben_Keays.html
12437,Mason Redman,players/M/Mason_Redman.html
12440,Jacob Hopper,players/J/Jacob_Hopper.html
12444,Sam Collins,players/S/Sam_Collins.html
12446,Tom Cole,players/T/Tom_Cole.html
12452,Tom Phillips,players/T/Tom_Phillips.html
12454,Eric Hipwood,players/E/Eric_Hipwood.html
12458,Jack Silvagni,players/J/Jack_Silvagni.html
12461,Ryan Clarke,players/R/Ryan_Clarke.html
12462,Harry Himmelberg,players/H/Harry_Himmelberg.html
12464,Sam Menegola,players/S/Sam_Menegola.html
12467,Aaron Francis,players/A/Aaron_Francis.html
12469,Blake Hardwick,players/B/Blake_Hardwick.html
12473,Reilly OBrien,players/R/Reilly_OBrien.html
12476,David Cuningham,players/D/David_Cuningham.html
12477,Ryan Burton,players/R/Ryan_Burton.html
12483,Riley Bonner,players/R/Riley_Bonner.html
12484,Will Snelling,players/W/Will_Snelling.html
12487,Sam Petrevski-Seton,players/S/Sam_Petrevski-Seton.html
12490,Dan Butler,players/D/Dan_Butler.html
12491,Andrew McGrath,players/A/Andrew_McGrath.html
12494,Sam Powell-Pepper,players/S/Sam_Powell-Pepper.html
12495,Dan Houston,players/D/Dan_Houston.html
12497,Oliver Florent,players/O/Oliver_Florent.html
12498,Ben Ainsworth,players/B/Ben_Ainsworth.html
12499,Jack Bowes,players/J/Jack_Bowes.html
12502,Jy Simpkin,players/J/Jy_Simpkin.html
12504,Tim Taranto,players/T/Tim_Taranto.html
12505,Tom Stewart,players/T/Tom_Stewart.html
12506,Brandan Parfitt,players/B/Brandan_Parfitt.html
12509,Will Hayward,players/W/Will_Hayward.html
12516,Jordan Dawson,players/J/Jordan_Dawson.html
12518,Hugh McCluggage,players/H/Hugh_McCluggage.html
12521,Ben Long,players/B/Ben_Long.html
12526,Lewis Melican,players/L/Lewis_Melican.html
12535,Shai Bolton,players/S/Shai_Bolton.html
12537,Tim English,players/T/Tim_English.html
12542,Luke Ryan,players/L/Luke_Ryan.html
12544,Brennan Cox,players/B/Brennan_Cox.html
12546,Alex Witherden,players/A/Alex_Witherden.html
12547,Sean Darcy,players/S/Sean_Darcy.html
12552,Tyson Stengle,players/T/Tyson_Stengle.html
12557,Cameron Zurhaar,players/C/Cameron_Zurhaar.html
12558,Josh Battle,players/J/Josh_Battle.html
12560,Alex Keath,players/A/Alex_Keath.html
12563,Nick Larkey,players/N/Nick_Larkey.html
12564,Rowan Marshall,players/R/Rowan_Marshall.html
12566,Harry McKay,players/H/Harry_McKay.html
12569,Luke Partington,players/L/Luke_Partington.html
12573,Josh Daicos,players/J/Josh_Daicos.html
12576,Jack Graham,players/J/Jack_Graham2.html
12579,Harry Morrison,players/H/Harry_Morrison.html
12582,Paddy Dow,players/P/Paddy_Dow.html
12583,Tom Doedee,players/T/Tom_Doedee.html
12586,Sam Murray,players/S/Sam_Murray.html
12587,Jaidyn Stephenson,players/J/Jaidyn_Stephenson.html
12589,Andrew Brayshaw,players/A/Andrew_Brayshaw.html
12590,Luke Davies-Uniacke,players/L/Luke_Davies-Uniacke.html
12591,Hunter Clark,players/H/Hunter_Clark.html
12592,Cam Rayner,players/C/Cam_Rayner.html
12594,Aaron Naughton,players/A/Aaron_Naughton.html
12595,Tim Kelly,players/T/Tim_Kelly.html
12598,Bayley Fritsch,players/B/Bayley_Fritsch.html
12600,Liam Ryan,players/L/Liam_Ryan.html
12601,Jake Waterman,players/J/Jake_Waterman.html
12603,Adam Cerra,players/A/Adam_Cerra.html
12605,Ed Richards,players/E/Ed_Richards.html
12607,Jack Henry,players/J/Jack_Henry1.html
12609,Jack Higgins,players/J/Jack_Higgins.html
12610,Zac Bailey,players/Z/Zac_Bailey.html
12616,Ben Ronke,players/B/Ben_Ronke.html
12619,James Worpel,players/J/James_Worpel.html
12623,Jack Petruccelle,players/J/Jack_Petruccelle.html
12631,Jordan Ridley,players/J/Jordan_Ridley.html
12632,Dylan Clarke,players/D/Dylan_Clarke.html
12636,Mitch Lewis,players/M/Mitch_Lewis.html
12644,Sam Taylor,players/S/Sam_Taylor.html
12648,Jacob Dawson,players/J/Jacob_Dawson.html
12655,Oscar Allen,players/O/Oscar_Allen.html
12656,Brent Daniels,players/B/Brent_Daniels.html
12660,Darcy Cameron,players/D/Darcy_Cameron.html
12661,Liam Baker,players/L/Liam_Baker.html
12668,Brandon Starcevich,players/B/Brandon_Starcevich.html
12684,Sam Walsh,players/S/Sam_Walsh.html
12685,Michael Gibbons,players/M/Michael_Gibbons.html
12687,Charlie Constable,players/C/Charlie_Constable.html
12688,Jordan Clark,players/J/Jordan_Clark.html
12689,Gryan Miers,players/G/Gryan_Miers.html
12692,Bailey Smith,players/B/Bailey_Smith.html
12696,Xavier Duursma,players/X/Xavier_Duursma.html
12697,Connor Rozee,players/C/Connor_Rozee.html
12698,Zak Butters,players/Z/Zak_Butters.html
12699,Nick Blakey,players/N/Nick_Blakey.html
12700,Lachie Schultz,players/L/Lachie_Schultz.html
12701,Bailey Scott,players/B/Bailey_Scott.html
12703,Callum Wilkie,players/C/Callum_Wilkie.html
12707,Tarryn Thomas,players/T/Tarryn_Thomas.html
12708,Sydney Stack,players/S/Sydney_Stack.html
12710,Dylan Moore,players/D/Dylan_Moore.html
12711,Justin McInerney,players/J/Justin_McInerney.html
12718,Noah Answerth,players/N/Noah_Answerth.html
12721,Liam Stocker,players/L/Liam_Stocker.html
12722,Curtis Taylor,players/C/Curtis_Taylor.html
12728,Ben King,players/B/Ben_King.html
12740,Isaac Quaynor,players/I/Isaac_Quaynor.html
12744,Bobby Hill,players/B/Bobby_Hill.html
12750,Connor Idun,players/C/Connor_Idun.html
12764,Ben Cavarra,players/B/Ben_Cavarra.html
12765,Sam Sturt,players/S/Sam_Sturt.html
12766,Mitch Georgiades,players/M/Mitch_Georgiades.html
12767,Noah Anderson,players/N/Noah_Anderson.html
12768,Matt Rowell,players/M/Matt_Rowell.html
12769,Connor Budarick,players/C/Connor_Budarick.html
12770,Tom Green,players/T/Tom_Green1.html
12771,Kysaiah Pickett,players/K/Kysaiah_Pickett.html
12773,Max King,players/M/Max_King.html
12774,Deven Robertson,players/D/Deven_Robertson.html
12777,Hayden Young,players/H/Hayden_Young.html
12778,Trent Rivers,players/T/Trent_Rivers.html
12779,Luke Jackson,players/L/Luke_Jackson.html
12782,Lachie Ash,players/L/Lachie_Ash.html
12786,Caleb Serong,players/C/Caleb_Serong.html
12788,Tristan Xerri,players/T/Tristan_Xerri.html
12794,Will Day,players/W/Will_Day.html
12797,Chad Warner,players/C/Chad_Warner.html
12798,Izak Rankine,players/I/Izak_Rankine.html
12800,Cody Weightman,players/C/Cody_Weightman.html
12809,Mark Keane,players/M/Mark_Keane.html
12810,Sam Draper,players/S/Sam_Draper.html
12813,Harry Schoenberg,players/H/Harry_Schoenberg.html
12814,Lachlan Sholl,players/L/Lachlan_Sholl.html
12820,Jeremy Sharp,players/J/Jeremy_Sharp.html
12834,Jake Riccardi,players/J/Jake_Riccardi.html
12845,Hamish Brayshaw,players/H/Hamish_Brayshaw.html
12852,Nik Cox,players/N/Nik_Cox.html
12853,Harry Jones,players/H/Harry_Jones2.html
12859,Jacob Koschitzke,players/J/Jacob_Koschitzke.html
12860,James Jordon,players/J/James_Jordon.html
12861,Logan McDonald,players/L/Logan_McDonald.html
12862,Errol Gulden,players/E/Errol_Gulden.html
12863,Braeden Campbell,players/B/Braeden_Campbell.html
12867,Miles Bergman,players/M/Miles_Bergman.html
12875,Heath Chapman,players/H/Heath_Chapman.html
12879,Archie Perkins,players/A/Archie_Perkins.html
12881,Max Holmes,players/M/Max_Holmes.html
12882,Lachie Jones,players/L/Lachie_Jones.html
12891,Sam De Koning,players/S/Sam_De_Koning.html
12892,Riley Thilthorpe,players/R/Riley_Thilthorpe.html
12902,Hugo Ralphsmith,players/H/Hugo_Ralphsmith.html
12912,Josh Worrell,players/J/Josh_Worrell.html
12914,Brandon Walker,players/B/Brandon_Walker.html
12915,Jai Newcombe,players/J/Jai_Newcombe.html
12921,Luke Pedlar,players/L/Luke_Pedlar.html
12922,Eddie Ford,players/E/Eddie_Ford1.html
12923,Jamarra Ugle-Hagan,players/J/Jamarra_Ugle-Hagan.html
12927,Jack Ginnivan,players/J/Jack_Ginnivan.html
12931,Jake Bowey,players/J/Jake_Bowey.html
12933,Joel Jeffrey,players/J/Joel_Jeffrey.html
12936,Corey Durdin,players/C/Corey_Durdin.html
12943,Nick Daicos,players/N/Nick_Daicos.html
12945,Nic Martin,players/N/Nic_Martin.html
12948,Mitch Owens,players/M/Mitch_Owens.html
12950,Nasiah Wanganeen-Milera,players/N/Nasiah_Wanganeen-Milera.html
12951,Angus Sheldrick,players/A/Angus_Sheldrick.html
12952,Jake Soligo,players/J/Jake_Soligo.html
12953,Josh Rachele,players/J/Josh_Rachele.html
12955,Josh Ward,players/J/Josh_Ward.html
12956,Jason Horne-Francis,players/J/Jason_Horne-Francis.html
12960,Nathan ODriscoll,players/N/Nathan_ODriscoll.html
12963,Aaron Black,players/A/Aaron_Black1.html
12967,Marcus Windhager,players/M/Marcus_Windhager.html
12968,Kai Lohmann,players/K/Kai_Lohmann.html
12969,Finn Callaghan,players/F/Finn_Callaghan.html
12970,Ben Hobbs,players/B/Ben_Hobbs.html
12974,Oliver Dempsey,players/O/Oliver_Dempsey.html
12983,Jye Amiss,players/J/Jye_Amiss.html
12993,Noah Cumberland,players/N/Noah_Cumberland.html
12994,Matt Roberts,players/M/Matt_Roberts.html
12998,Massimo DAmbrosio,players/M/Massimo_DAmbrosio.html
13004,Jackson Archer,players/J/Jackson_Archer.html
13009,James Tsitas,players/J/James_Tsitas.html
13015,Jai Culley,players/J/Jai_Culley.html
13016,Elijah Hollands,players/E/Elijah_Hollands.html
13019,Mac Andrew,players/M/Mac_Andrew.html
13021,Sam Darcy,players/S/Sam_Darcy.html
13026,Darcy Wilmot,players/D/Darcy_Wilmot.html
13027,Max Michalanney,players/M/Max_Michalanney.html
13029,Oliver Hollands,players/O/Oliver_Hollands.html
13033,Judd McVee,players/J/Judd_McVee.html
13034,Harry Sheezel,players/H/Harry_Sheezel.html
13036,Mattaes Phillipou,players/M/Mattaes_Phillipou.html
13038,Reuben Ginbey,players/R/Reuben_Ginbey.html
13040,Will Ashcroft,players/W/Will_Ashcroft.html
13041,Bodhi Uwland,players/B/Bodhi_Uwland.html
13044,Elijah Hewett,players/E/Elijah_Hewett.html
13045,Harry Rowston,players/H/Harry_Rowston.html
13047,Matthew Johnson,players/M/Matthew_Johnson.html
13048,Jacob van Rooyen,players/J/Jacob_van_Rooyen.html
13049,Bailey Humphrey,players/B/Bailey_Humphrey.html
13051,Seamus Mitchell,players/S/Seamus_Mitchell.html
13054,Aaron Cadman,players/A/Aaron_Cadman.html
13057,Josh Weddle,players/J/Josh_Weddle.html
13064,George Wardlaw,players/G/George_Wardlaw.html
13068,Harvey Harrison,players/H/Harvey_Harrison.html
13072,Jaspa Fletcher,players/J/Jaspa_Fletcher.html
13081,Luke Nankervis,players/L/Luke_Nankervis.html
13099,Caleb Windsor,players/C/Caleb_Windsor.html
13101,Harvey Thomas,players/H/Harvey_Thomas.html
13102,Harvey Gallagher,players/H/Harvey_Gallagher.html
13103,Ryley Sanders,players/R/Ryley_Sanders.html
13104,Shaun Mannagh,players/S/Shaun_Mannagh.html
13105,Nick Watson,players/N/Nick_Watson.html
13107,Colby McKercher,players/C/Colby_McKercher.html
13110,Darcy Wilson,players/D/Darcy_Wilson.html
13111,Harley Reid,players/H/Harley_Reid.html
13112,Josh Draper,players/J/Josh_Draper.html
13120,Will Graham,players/W/Will_Graham.html
13121,Ethan Read,players/E/Ethan_Read.html
13122,Connor OSullivan,players/C/Connor_OSullivan.html
13125,Hugo Garcia,players/H/Hugo_Garcia.html
13126,Jake Rogers,players/J/Jake_Rogers.html
13131,Darcy Jones,players/D/Darcy_Jones.html
13132,Daniel Curtin,players/D/Daniel_Curtin.html
13135,Calsher Dear,players/C/Calsher_Dear.html
13137,Logan Morris,players/L/Logan_Morris.html
13141,Tyrell Dewar,players/T/Tyrell_Dewar.html
13146,Edward Allan,players/E/Edward_Allan.html
13148,Nate Caddy,players/N/Nate_Caddy.html
13156,Logan Evans,players/L/Logan_Evans.html
13160,Lawson Humphries,players/L/Lawson_Humphries.html
13164,Joe Fonti,players/J/Joe_Fonti.html
13167,Clay Hall,players/C/Clay_Hall.html
13168,Archie Roberts,players/A/Archie_Roberts1.html
13170,Cooper Lord,players/C/Cooper_Lord.html
13171,Ashton Moir,players/A/Ashton_Moir.html
13177,Isaac Kako,players/I/Isaac_Kako.html
13180,Murphy Reid,players/M/Murphy_Reid.html
13184,Harvey Langford,players/H/Harvey_Langford.html
13185,Xavier Lindsay,players/X/Xavier_Lindsay.html
13187,Finn OSullivan,players/F/Finn_OSullivan.html
13190,Sam Lalor,players/S/Sam_Lalor.html
13191,Luke Trainor,players/L/Luke_Trainor1.html
13192,Harry Boyd,players/H/Harry_Boyd.html
13197,Levi Ashcroft,players/L/Levi_Ashcroft.html
13212,Matt Carroll,players/M/Matt_Carroll.html
13213,Cooper Hynes,players/C/Cooper_Hynes.html
13220,Hugh Boxshall,players/H/Hugh_Boxshall.html
13229,Angus Clarke,players/A/Angus_Clarke.html
13232,Leo Lombard,players/L/Leo_Lombard.html
13235,Ty Gallop,players/T/Ty_Gallop.html
13242,Jasper Alger,players/J/Jasper_Alger.html
13247,Jobe Shanahan,players/J/Jobe_Shanahan.html
13259,Jack Whitlock,players/J/Jack_Whitlock.html
13260,Jesse Dattoli,players/J/Jesse_Dattoli.html
13263,Cooper Trembath,players/C/Cooper_Trembath.html
13273,Harry Dean,players/H/Harry_Dean.html
13274,Jagga Smith,players/J/Jagga_Smith.html
13278,Zeke Uwland,players/Z/Zeke_Uwland.html
13279,Phoenix Gothard,players/P/Phoenix_Gothard.html
13283,Dyson Sharp,players/D/Dyson_Sharp.html
13285,Mitchell Edwards,players/M/Mitchell_Edwards.html
13290,Sam Grlj,players/S/Sam_Grlj.html
13292,Willem Duursma,players/W/Willem_Duursma.html
13293,Josh Lindsay,players/J/Josh_Lindsay.html
13297,Talor Byrne,players/T/Talor_Byrne.html
13299,Jacob Farrow,players/J/Jacob_Farrow.html
13307,Sullivan Robey,players/S/Sullivan_Robey.html
13313,Patrick Retschko,players/P/Patrick_Retschko.html
13332,Jai Murray,players/J/Jai_Murray.html
13347,Riley Hamilton,players/R/Riley_Hamilton.html
