event_key,season,competition,premiership_season,round_raw,round_code,round_kind,player_name_raw,player_name,club_raw,opponent_raw,kick_scored,kick_effect,shot_detail,kicker_result,siren,kicker_score_raw,opponent_score_raw,kicker_points,opponent_points,margin,supergoal_scoring,score_footnote_raw,outcome_raw,ref_raw,cited,adjudication_keys,source_file,source_table,source_line,note
1913-vfl-afl-15-st-kilda-billy-schmidt,1913,VFL/AFL,true,15,15,home_and_away,Billy Schmidt,Billy Schmidt,St Kilda,Carlton,goal,won,,win,final,10.10 (70),11.3 (69),70,69,1,false,,,[3],true,,Players_to_have_kicked_a_goal_to_win_a_match_after_the_final_siren.csv,Players to have kicked a goal to win a match after the final siren,2,
1913-vfl-afl-16-essendon-jimmy-gordon,1913,VFL/AFL,true,16,16,home_and_away,Jimmy Gordon,Jimmy Gordon,Essendon,University,goal,won,,win,final,9.8 (62),8.12 (60),62,60,2,false,,,[4],true,,Players_to_have_kicked_a_goal_to_win_a_match_after_the_final_siren.csv,Players to have kicked a goal to win a match after the final siren,3,
1915-vfl-afl-17-fitzroy-george-holden,1915,VFL/AFL,true,17,17,home_and_away,George Holden,George Holden,Fitzroy,Collingwood,behind,none,,loss,final,8.11 (59),8.13 (61),59,61,-2,false,,Behind,[77],true,,Players_to_have_missed_an_opportunity_to_win_or_draw_a_match_after_the_final_siren.csv,Players to have missed an opportunity to win or draw a match after the final siren,2,
1924-vfl-afl-12-geelong-eric-fleming,1924,VFL/AFL,true,12,12,home_and_away,Eric Fleming,Eric Fleming,Geelong,Fitzroy,goal,won,,win,final,9.14 (68),9.11 (65),68,65,3,false,,,[5],true,,Players_to_have_kicked_a_goal_to_win_a_match_after_the_final_siren.csv,Players to have kicked a goal to win a match after the final siren,4,
1926-vfl-afl-13-north-melbourne-gerry-donnelly,1926,VFL/AFL,true,13,13,home_and_away,Gerry Donnelly,Gerry Donnelly,North Melbourne,Hawthorn,behind,drew,,draw,final,10.10 (70),10.10 (70),70,70,0,false,,,[74],true,,Players_to_have_kicked_a_behind_to_draw_a_match_after_the_final_siren.csv,Players to have kicked a behind to draw a match after the final siren,2,
1927-vfl-afl-3-north-melbourne-fred-metcalf,1927,VFL/AFL,true,3,3,home_and_away,Fred Metcalf,Fred Metcalf,North Melbourne,Geelong,none,none,out on the full,loss,final,8.5 (53),7.13 (55),53,55,-2,false,,No score (out on the full),[78],true,,Players_to_have_missed_an_opportunity_to_win_or_draw_a_match_after_the_final_siren.csv,Players to have missed an opportunity to win or draw a match after the final siren,3,
1932-vfl-afl-14-richmond-doug-strang,1932,VFL/AFL,true,14,14,home_and_away,Doug Strang,Doug Strang,Richmond,Carlton,goal,won,,win,final,13.13 (91),12.14 (86),91,86,5,false,,,[6],true,,Players_to_have_kicked_a_goal_to_win_a_match_after_the_final_siren.csv,Players to have kicked a goal to win a match after the final siren,5,
1933-vfl-afl-14-south-melbourne-terry-brain,1933,VFL/AFL,true,14,14,home_and_away,Terry Brain,Terry Brain,South Melbourne,Collingwood,goal,won,,win,final,13.11 (89),12.11 (83),89,83,6,false,,,[7],true,,Players_to_have_kicked_a_goal_to_win_a_match_after_the_final_siren.csv,Players to have kicked a goal to win a match after the final siren,6,
1935-vfl-afl-2-collingwood-alan-ryan,1935,VFL/AFL,true,2,2,home_and_away,Alan Ryan,Alan Ryan,Collingwood,Fitzroy,goal,drew,,draw,final,14.9 (93),14.9 (93),93,93,0,false,,,[61],true,,Players_to_have_kicked_a_goal_to_draw_a_match_after_the_final_siren.csv,Players to have kicked a goal to draw a match after the final siren,2,
1935-vfl-afl-16-melbourne-ron-baggott,1935,VFL/AFL,true,16,16,home_and_away,Ron Baggott,Ron Baggott,Melbourne,Collingwood,goal,drew,,draw,final,10.19 (79),11.13 (79),79,79,0,false,,,[62],true,,Players_to_have_kicked_a_goal_to_draw_a_match_after_the_final_siren.csv,Players to have kicked a goal to draw a match after the final siren,3,
1939-vfl-afl-7-carlton-ron-cooper,1939,VFL/AFL,true,7,7,home_and_away,Ron Cooper,Ron Cooper,Carlton,Essendon,goal,won,,win,final,10.18 (78),10.12 (72),78,72,6,false,,,[8],true,,Players_to_have_kicked_a_goal_to_win_a_match_after_the_final_siren.csv,Players to have kicked a goal to win a match after the final siren,7,
1939-vfl-afl-14-carlton-jack-wrout,1939,VFL/AFL,true,14,14,home_and_away,Jack Wrout,Jack Wrout,Carlton,North Melbourne,goal,won,,win,final,11.13 (79),10.13 (73),79,73,6,false,,,[9],true,,Players_to_have_kicked_a_goal_to_win_a_match_after_the_final_siren.csv,Players to have kicked a goal to win a match after the final siren,8,
1940-vfl-afl-10-melbourne-ron-barassi-sr,1940,VFL/AFL,true,10,10,home_and_away,Ron Barassi Sr.,Ron Barassi Sr.,Melbourne,Geelong,behind,none,,loss,final,22.19 (151),24.10 (154),151,154,-3,false,,Behind,[79],true,,Players_to_have_missed_an_opportunity_to_win_or_draw_a_match_after_the_final_siren.csv,Players to have missed an opportunity to win or draw a match after the final siren,4,
1941-vfl-afl-2-st-kilda-col-williamson,1941,VFL/AFL,true,2,2,home_and_away,Col Williamson,Col Williamson,St Kilda,Geelong,none,none,fell short,loss,final,11.19 (85),13.9 (87),85,87,-2,false,,No score (fell short),[80],true,,Players_to_have_missed_an_opportunity_to_win_or_draw_a_match_after_the_final_siren.csv,Players to have missed an opportunity to win or draw a match after the final siren,5,
1944-vfl-afl-18-footscray-harry-hickey,1944,VFL/AFL,true,18,18,home_and_away,Harry Hickey,Harry Hickey,Footscray,Carlton,behind,won,,win,final,12.7 (89),13.10 (88),89,88,1,false,,,[69],true,asr-adj-004,Players_to_have_kicked_a_behind_to_win_a_match_after_the_final_siren.csv,Players to have kicked a behind to win a match after the final siren,2,"score_arithmetic: The export's Final score reads '12.7 (89) d. 13.10 (88)': 12 goals 7 behinds is 79 points, not 89, while the opponent's 13.10 (88) adds up. The parenthesised points, the 1-point margin and the row's table (a behind to win) agree with each other, so the points are taken as written and the goals/behinds are recorded as the source wrote them; neither figure was corrected or independently verified here."
1946-vfl-afl-15-footscray-bill-wood,1946,VFL/AFL,true,15,15,home_and_away,Bill Wood,Bill Wood,Footscray,Richmond,goal,won,,win,final,14.15 (99),12.21 (93),99,93,6,false,,,[10],true,,Players_to_have_kicked_a_goal_to_win_a_match_after_the_final_siren.csv,Players to have kicked a goal to win a match after the final siren,9,
1948-vfl-afl-15-collingwood-jack-pimm,1948,VFL/AFL,true,15,15,home_and_away,Jack Pimm,Jack Pimm,Collingwood,Geelong,behind,none,,loss,final,10.13 (73),10.18 (78),73,78,-5,false,,Behind,[81],true,,Players_to_have_missed_an_opportunity_to_win_or_draw_a_match_after_the_final_siren.csv,Players to have missed an opportunity to win or draw a match after the final siren,6,
1949-vfl-afl-7-north-melbourne-jock-spencer,1949,VFL/AFL,true,7,7,home_and_away,Jock Spencer,Jock Spencer,North Melbourne,Geelong,goal,won,,win,final,8.13 (61),8.7 (55),61,55,6,false,,,[11],true,,Players_to_have_kicked_a_goal_to_win_a_match_after_the_final_siren.csv,Players to have kicked a goal to win a match after the final siren,10,
1950-vfl-afl-7-geelong-fred-flanagan,1950,VFL/AFL,true,7,7,home_and_away,Fred Flanagan,Fred Flanagan,Geelong,Richmond,none,none,fell short,loss,final,9.20 (74),12.7 (79),74,79,-5,false,,No score (fell short),[82],true,,Players_to_have_missed_an_opportunity_to_win_or_draw_a_match_after_the_final_siren.csv,Players to have missed an opportunity to win or draw a match after the final siren,7,
1952-vfl-afl-13-south-melbourne-bill-nolan,1952,VFL/AFL,true,13,13,home_and_away,Bill Nolan,Bill Nolan,South Melbourne,St Kilda,goal,won,,win,final,6.8 (44),5.8 (38),44,38,6,false,,,[12],true,,Players_to_have_kicked_a_goal_to_win_a_match_after_the_final_siren.csv,Players to have kicked a goal to win a match after the final siren,11,
1954-vfl-afl-13-footscray-harvey-stevens,1954,VFL/AFL,true,13,13,home_and_away,Harvey Stevens,Harvey Stevens,Footscray,Richmond,none,none,out on the full,loss,final,6.9 (45),6.13 (49),45,49,-4,false,,No score (out on the full),[83],true,,Players_to_have_missed_an_opportunity_to_win_or_draw_a_match_after_the_final_siren.csv,Players to have missed an opportunity to win or draw a match after the final siren,8,
1960-vfl-afl-13-hawthorn-john-peck,1960,VFL/AFL,true,13,13,home_and_away,John Peck,John Peck,Hawthorn,Collingwood,goal,won,,win,final,7.16 (58),7.15 (57),58,57,1,false,,,[13],true,,Players_to_have_kicked_a_goal_to_win_a_match_after_the_final_siren.csv,Players to have kicked a goal to win a match after the final siren,12,
1964-vfl-afl-7-fitzroy-ralph-rogerson,1964,VFL/AFL,true,7,7,home_and_away,Ralph Rogerson,Ralph Rogerson,Fitzroy,Carlton,none,none,fell short,loss,final,8.11 (59),8.12 (60),59,60,-1,false,,No score (fell short),[84],true,,Players_to_have_missed_an_opportunity_to_win_or_draw_a_match_after_the_final_siren.csv,Players to have missed an opportunity to win or draw a match after the final siren,9,
1966-vfl-afl-17-richmond-blair-campbell,1966,VFL/AFL,true,17,17,home_and_away,Blair Campbell,Blair Campbell,Richmond,South Melbourne,goal,won,,win,final,10.12 (72),10.11 (71),72,71,1,false,,,[14],true,,Players_to_have_kicked_a_goal_to_win_a_match_after_the_final_siren.csv,Players to have kicked a goal to win a match after the final siren,13,
1967-vfl-afl-1-geelong-bill-ryan,1967,VFL/AFL,true,1,1,home_and_away,Bill Ryan,Bill Ryan,Geelong,Collingwood,goal,won,,win,final,13.13 (91),13.12 (90),91,90,1,false,,,[15],true,,Players_to_have_kicked_a_goal_to_win_a_match_after_the_final_siren.csv,Players to have kicked a goal to win a match after the final siren,14,
1972-vfl-afl-20-geelong-ken-newland,1972,VFL/AFL,true,20,20,home_and_away,Ken Newland,Ken Newland,Geelong,Collingwood,behind,won,,win,final,17.10 (112),17.9 (111),112,111,1,false,,,[70],true,,Players_to_have_kicked_a_behind_to_win_a_match_after_the_final_siren.csv,Players to have kicked a behind to win a match after the final siren,3,
1972-vfl-afl-SF-carlton-alex-jesaulenko,1972,VFL/AFL,true,SF,SF,final,Alex Jesaulenko,Alex Jesaulenko,Carlton,Richmond,none,none,fell short,draw,final,8.13 (61),8.13 (61),61,61,0,false,,No score (fell short),[85],true,,Players_to_have_missed_an_opportunity_to_win_or_draw_a_match_after_the_final_siren.csv,Players to have missed an opportunity to win or draw a match after the final siren,10,
1973-vfl-afl-16-north-melbourne-doug-wade,1973,VFL/AFL,true,16,16,home_and_away,Doug Wade,Doug Wade,North Melbourne,Collingwood,goal,won,,win,final,11.10 (76),10.11 (71),76,71,5,false,,,[16],true,,Players_to_have_kicked_a_goal_to_win_a_match_after_the_final_siren.csv,Players to have kicked a goal to win a match after the final siren,15,
1976-vfl-afl-10-north-melbourne-malcolm-blight,1976,VFL/AFL,true,10,10,home_and_away,Malcolm Blight,Malcolm Blight,North Melbourne,Carlton,goal,won,,win,final,11.15 (81),11.10 (76),81,76,5,false,,,[17],true,,Players_to_have_kicked_a_goal_to_win_a_match_after_the_final_siren.csv,Players to have kicked a goal to win a match after the final siren,16,
1976-vfl-afl-21-footscray-alan-stoneham,1976,VFL/AFL,true,21,21,home_and_away,Alan Stoneham,Alan Stoneham,Footscray,Fitzroy,goal,won,,win,final,4.11 (35),3.16 (34),35,34,1,false,,,[18],true,,Players_to_have_kicked_a_goal_to_win_a_match_after_the_final_siren.csv,Players to have kicked a goal to win a match after the final siren,17,
1977-vfl-afl-12-north-melbourne-malcolm-blight,1977,VFL/AFL,true,12,12,home_and_away,Malcolm Blight,Malcolm Blight,North Melbourne,Hawthorn,none,none,out on the full,loss,final,6.11 (47),6.12 (48),47,48,-1,false,,No score (out on the full),[86],true,,Players_to_have_missed_an_opportunity_to_win_or_draw_a_match_after_the_final_siren.csv,Players to have missed an opportunity to win or draw a match after the final siren,11,
1978-vfl-afl-14-st-kilda-robert-elliott,1978,VFL/AFL,true,14,14,home_and_away,Robert Elliott,Robert Elliott,St Kilda,North Melbourne,goal,won,,win,final,18.16 (124),19.7 (121),124,121,3,false,,,[19],true,,Players_to_have_kicked_a_goal_to_win_a_match_after_the_final_siren.csv,Players to have kicked a goal to win a match after the final siren,18,
1980-vfl-afl-1-south-melbourne-john-roberts,1980,VFL/AFL,true,1,1,home_and_away,John Roberts,John Roberts,South Melbourne,Geelong,goal,won,,win,final,13.10 (88),12.13 (85),88,85,3,false,,,[20],true,,Players_to_have_kicked_a_goal_to_win_a_match_after_the_final_siren.csv,Players to have kicked a goal to win a match after the final siren,19,
1980-escort-championships-GF-north-melbourne-kerry-good,1980,Escort Championships,false,GF,GF,final,Kerry Good,Kerry Good,North Melbourne,Collingwood,goal,won,,win,final,8.9 (57),7.12 (54),57,54,3,false,,,[123],true,,Players_to_have_kicked_a_goal_to_win_a_match_after_the_final_siren_1.csv,Players to have kicked a goal to win a match after the final siren (other competitions),2,
1981-vfl-afl-19-richmond-paul-sarah,1981,VFL/AFL,true,19,19,home_and_away,Paul Sarah,Paul Sarah,Richmond,St Kilda,goal,won,,win,final,10.11 (71),9.11 (65),71,65,6,false,,,[21],true,,Players_to_have_kicked_a_goal_to_win_a_match_after_the_final_siren.csv,Players to have kicked a goal to win a match after the final siren,20,
1984-vfl-afl-5-carlton-warren-ralph,1984,VFL/AFL,true,5,5,home_and_away,Warren Ralph,Warren Ralph,Carlton,Collingwood,behind,none,,loss,final,9.17 (71),10.16 (76),71,76,-5,false,,Behind,[87],true,,Players_to_have_missed_an_opportunity_to_win_or_draw_a_match_after_the_final_siren.csv,Players to have missed an opportunity to win or draw a match after the final siren,12,
1987-vfl-afl-15-north-melbourne-alastair-clarkson,1987,VFL/AFL,true,15,15,home_and_away,Alastair Clarkson,Alastair Clarkson,North Melbourne,Melbourne,goal,won,,win,final,16.16 (112),15.20 (110),112,110,2,false,,,[22],true,,Players_to_have_kicked_a_goal_to_win_a_match_after_the_final_siren.csv,Players to have kicked a goal to win a match after the final siren,21,
1987-vfl-afl-20-footscray-stephen-macpherson,1987,VFL/AFL,true,20,20,home_and_away,Stephen MacPherson,Stephen MacPherson,Footscray,North Melbourne,goal,drew,,draw,final,18.17 (125),18.17 (125),125,125,0,false,,,[63],true,,Players_to_have_kicked_a_goal_to_draw_a_match_after_the_final_siren.csv,Players to have kicked a goal to draw a match after the final siren,4,
1987-vfl-afl-22-carlton-stephen-kernahan,1987,VFL/AFL,true,22,22,home_and_away,Stephen Kernahan,Stephen Kernahan,Carlton,North Melbourne,goal,won,,win,final,20.9 (129),19.11 (125),129,125,4,false,,,[23],true,,Players_to_have_kicked_a_goal_to_win_a_match_after_the_final_siren.csv,Players to have kicked a goal to win a match after the final siren,22,
1987-vfl-afl-PF-hawthorn-gary-buckenara,1987,VFL/AFL,true,PF,PF,final,Gary Buckenara,Gary Buckenara,Hawthorn,Melbourne,goal,won,,win,final,11.14 (80),10.18 (78),80,78,2,false,,,[24],true,,Players_to_have_kicked_a_goal_to_win_a_match_after_the_final_siren.csv,Players to have kicked a goal to win a match after the final siren,23,
1988-vfl-afl-6-geelong-robert-scott,1988,VFL/AFL,true,6,6,home_and_away,Robert Scott,Robert Scott,Geelong,Sydney,behind,none,hit the goal post,loss,final,16.15 (111),17.12 (114),111,114,-3,false,,Behind (hit the goal post),[88],true,,Players_to_have_missed_an_opportunity_to_win_or_draw_a_match_after_the_final_siren.csv,Players to have missed an opportunity to win or draw a match after the final siren,13,
1988-vfl-afl-7-footscray-simon-beasley,1988,VFL/AFL,true,7,7,home_and_away,Simon Beasley,Simon Beasley,Footscray,Brisbane Bears,behind,none,,loss,final,9.17 (71),10.12 (72),71,72,-1,false,,Behind,[89],true,,Players_to_have_missed_an_opportunity_to_win_or_draw_a_match_after_the_final_siren.csv,Players to have missed an opportunity to win or draw a match after the final siren,14,
1991-vfl-afl-11-melbourne-steven-clark,1991,VFL/AFL,true,11,11,home_and_away,Steven Clark,Steven Clark,Melbourne,Essendon,none,none,fell short,loss,final,12.8 (80),12.14 (86),80,86,-6,false,,No score (fell short),[90],true,,Players_to_have_missed_an_opportunity_to_win_or_draw_a_match_after_the_final_siren.csv,Players to have missed an opportunity to win or draw a match after the final siren,15,
1991-vfl-afl-12-adelaide-rod-jameson,1991,VFL/AFL,true,12,12,home_and_away,Rod Jameson,Rod Jameson,Adelaide,Fitzroy,goal,won,,win,final,7.8 (50),7.5 (47),50,47,3,false,,,[25],true,,Players_to_have_kicked_a_goal_to_win_a_match_after_the_final_siren.csv,Players to have kicked a goal to win a match after the final siren,24,
1992-vfl-afl-5-brisbane-bears-ray-windsor,1992,VFL/AFL,true,5,5,home_and_away,Ray Windsor,Ray Windsor,Brisbane Bears,West Coast,goal,drew,,draw,final,14.8 (92),13.14 (92),92,92,0,false,,,[64],true,,Players_to_have_kicked_a_goal_to_draw_a_match_after_the_final_siren.csv,Players to have kicked a goal to draw a match after the final siren,5,
1993-vfl-afl-2-carlton-stephen-kernahan,1993,VFL/AFL,true,2,2,home_and_away,Stephen Kernahan,Stephen Kernahan,Carlton,Essendon,none,none,out on the full,draw,final,19.18 (132),20.12 (132),132,132,0,false,,No score (out on the full),[91],true,,Players_to_have_missed_an_opportunity_to_win_or_draw_a_match_after_the_final_siren.csv,Players to have missed an opportunity to win or draw a match after the final siren,16,
1994-vfl-afl-QF-geelong-bill-brownless,1994,VFL/AFL,true,QF,QF,final,Bill Brownless,Bill Brownless,Geelong,Footscray,goal,won,,win,final,15.16 (106),15.11 (101),106,101,5,false,,,[26],true,,Players_to_have_kicked_a_goal_to_win_a_match_after_the_final_siren.csv,Players to have kicked a goal to win a match after the final siren,25,
1994-vfl-afl-QF-north-melbourne-david-king,1994,VFL/AFL,true,QF,QF,final,David King,David King,North Melbourne,Hawthorn,none,none,fell short,win,end_of_regulation,15.24 (114),13.13 (91),114,91,23,false,[b],No score (fell short),[92],true,asr-adj-002,Players_to_have_missed_an_opportunity_to_win_or_draw_a_match_after_the_final_siren.csv,Players to have missed an opportunity to win or draw a match after the final siren,17,"siren: Wikipedia 'List of kicks after the siren in the VFL/AFL' (revision 1371785656) footnote [b] on the David King 1994 QF row: 'King's attempt came at the end of regular time, when the scores were locked at North Melbourne 12.19 (91) to Hawthorn 13.13 (91). The Kangaroos added 3.5 (23) to the Hawks' no score in extra time.' The missed shot followed the siren ending regulation time with scores level; it registered no score, extra time was then played and North Melbourne won 15.24 (114) to 13.13 (91). The kick had no effect on the result; the recorded win is the extra-time result, not the kick's."
1994-vfl-afl-PF-geelong-gary-ablett-sr,1994,VFL/AFL,true,PF,PF,final,Gary Ablett Sr.,Gary Ablett Sr.,Geelong,North Melbourne,goal,won,,win,final,16.13 (109),14.19 (103),109,103,6,false,,,[27],true,,Players_to_have_kicked_a_goal_to_win_a_match_after_the_final_siren.csv,Players to have kicked a goal to win a match after the final siren,26,
1995-vfl-afl-5-fremantle-ben-allan,1995,VFL/AFL,true,5,5,home_and_away,Ben Allan,Ben Allan,Fremantle,Footscray,none,none,fell short,loss,final,14.12 (96),14.14 (98),96,98,-2,false,,No score (fell short),[93],true,,Players_to_have_missed_an_opportunity_to_win_or_draw_a_match_after_the_final_siren.csv,Players to have missed an opportunity to win or draw a match after the final siren,18,
1996-vfl-afl-PF-sydney-tony-lockett,1996,VFL/AFL,true,PF,PF,final,Tony Lockett,Tony Lockett,Sydney,Essendon,behind,won,,win,final,10.10 (70),10.9 (69),70,69,1,false,,,[71],true,,Players_to_have_kicked_a_behind_to_win_a_match_after_the_final_siren.csv,Players to have kicked a behind to win a match after the final siren,4,
1997-vfl-afl-8-fremantle-quenton-leach,1997,VFL/AFL,true,8,8,home_and_away,Quenton Leach,Quenton Leach,Fremantle,Brisbane Lions,goal,won,,win,final,14.14 (98),15.3 (93),98,93,5,false,,,[28],true,,Players_to_have_kicked_a_goal_to_win_a_match_after_the_final_siren.csv,Players to have kicked a goal to win a match after the final siren,27,
2000-vfl-afl-21-port-adelaide-peter-burgoyne,2000,VFL/AFL,true,21,21,home_and_away,Peter Burgoyne,Peter Burgoyne,Port Adelaide,Carlton,goal,won,,win,final,12.16 (88),12.11 (83),88,83,5,false,,,[29],true,,Players_to_have_kicked_a_goal_to_win_a_match_after_the_final_siren.csv,Players to have kicked a goal to win a match after the final siren,28,
2001-vfl-afl-9-brisbane-lions-marcus-picken,2001,VFL/AFL,true,9,9,home_and_away,Marcus Picken,Marcus Picken,Brisbane Lions,Adelaide,none,none,fell short,loss,final,18.14 (122),19.13 (127),122,127,-5,false,,No score (fell short),[94],true,,Players_to_have_missed_an_opportunity_to_win_or_draw_a_match_after_the_final_siren.csv,Players to have missed an opportunity to win or draw a match after the final siren,19,
2001-vfl-afl-17-hawthorn-ben-dixon,2001,VFL/AFL,true,17,17,home_and_away,Ben Dixon,Ben Dixon,Hawthorn,Carlton,goal,won,,win,final,15.6 (96),13.15 (93),96,93,3,false,,,[30],true,,Players_to_have_kicked_a_goal_to_win_a_match_after_the_final_siren.csv,Players to have kicked a goal to win a match after the final siren,29,
2001-vfl-afl-22-st-kilda-barry-hall,2001,VFL/AFL,true,22,22,home_and_away,Barry Hall,Barry Hall,St Kilda,Hawthorn,goal,won,,win,final,13.11 (89),13.9 (87),89,87,2,false,,,[31],true,,Players_to_have_kicked_a_goal_to_win_a_match_after_the_final_siren.csv,Players to have kicked a goal to win a match after the final siren,30,
2002-vfl-afl-4-sydney-daryn-cresswell,2002,VFL/AFL,true,4,4,home_and_away,Daryn Cresswell,Daryn Cresswell,Sydney,Kangaroos,goal,won,,win,final,15.13 (103),14.16 (100),103,100,3,false,,,[32],true,,Players_to_have_kicked_a_goal_to_win_a_match_after_the_final_siren.csv,Players to have kicked a goal to win a match after the final siren,31,
2002-vfl-afl-5-st-kilda-nick-dal-santo,2002,VFL/AFL,true,5,5,home_and_away,Nick Dal Santo,Nick Dal Santo,St Kilda,Sydney,none,none,fell short,draw,final,8.8 (56),8.8 (56),56,56,0,false,,No score (fell short),[95],true,,Players_to_have_missed_an_opportunity_to_win_or_draw_a_match_after_the_final_siren.csv,Players to have missed an opportunity to win or draw a match after the final siren,20,
2002-vfl-afl-8-fremantle-jeff-farmer,2002,VFL/AFL,true,8,8,home_and_away,Jeff Farmer,Jeff Farmer,Fremantle,Melbourne,goal,won,,win,final,14.10 (94),13.11 (89),94,89,5,false,,,[33],true,,Players_to_have_kicked_a_goal_to_win_a_match_after_the_final_siren.csv,Players to have kicked a goal to win a match after the final siren,32,
2002-vfl-afl-11-geelong-peter-riccardi,2002,VFL/AFL,true,11,11,home_and_away,Peter Riccardi,Peter Riccardi,Geelong,Carlton,goal,won,,win,final,15.10 (100),14.12 (96),100,96,4,false,,,[34],true,,Players_to_have_kicked_a_goal_to_win_a_match_after_the_final_siren.csv,Players to have kicked a goal to win a match after the final siren,33,
2002-vfl-afl-14-essendon-matthew-lloyd,2002,VFL/AFL,true,14,14,home_and_away,Matthew Lloyd,Matthew Lloyd,Essendon,Western Bulldogs,behind,drew,,draw,final,17.16 (118),18.10 (118),118,118,0,false,,,[75],true,,Players_to_have_kicked_a_behind_to_draw_a_match_after_the_final_siren.csv,Players to have kicked a behind to draw a match after the final siren,3,
2002-vfl-afl-15-port-adelaide-jared-poulton,2002,VFL/AFL,true,15,15,home_and_away,Jared Poulton,Jared Poulton,Port Adelaide,Sydney,goal,won,,win,final,14.10 (94),13.14 (92),94,92,2,false,,,[35],true,,Players_to_have_kicked_a_goal_to_win_a_match_after_the_final_siren.csv,Players to have kicked a goal to win a match after the final siren,34,
2003-vfl-afl-7-collingwood-chris-tarrant,2003,VFL/AFL,true,7,7,home_and_away,Chris Tarrant,Chris Tarrant,Collingwood,Adelaide,goal,won,,win,final,18.6 (114),16.13 (109),114,109,5,false,,,[36],true,,Players_to_have_kicked_a_goal_to_win_a_match_after_the_final_siren.csv,Players to have kicked a goal to win a match after the final siren,35,
2003-vfl-afl-11-west-coast-ashley-sampi,2003,VFL/AFL,true,11,11,home_and_away,Ashley Sampi,Ashley Sampi,West Coast,Western Bulldogs,goal,drew,,draw,final,19.10 (124),19.10 (124),124,124,0,false,,,[65],true,,Players_to_have_kicked_a_goal_to_draw_a_match_after_the_final_siren.csv,Players to have kicked a goal to draw a match after the final siren,6,
2005-vfl-afl-3-sydney-barry-hall,2005,VFL/AFL,true,3,3,home_and_away,Barry Hall (2),Barry Hall,Sydney,Brisbane Lions,goal,won,,win,final,13.9 (87),11.15 (81),87,81,6,false,,,[37],true,,Players_to_have_kicked_a_goal_to_win_a_match_after_the_final_siren.csv,Players to have kicked a goal to win a match after the final siren,36,article repeat marker (2) stripped from the name cell
2005-vfl-afl-4-carlton-jarrad-waite,2005,VFL/AFL,true,4,4,home_and_away,Jarrad Waite,Jarrad Waite,Carlton,Port Adelaide,none,none,fell short,draw,final,16.13 (109),15.19 (109),109,109,0,false,,No score (fell short),[96],true,,Players_to_have_missed_an_opportunity_to_win_or_draw_a_match_after_the_final_siren.csv,Players to have missed an opportunity to win or draw a match after the final siren,21,
2005-vfl-afl-20-geelong-matthew-egan,2005,VFL/AFL,true,20,20,home_and_away,Matthew Egan,Matthew Egan,Geelong,Melbourne,behind,none,,loss,final,15.9 (99),14.16 (100),99,100,-1,false,,Behind,[97],true,,Players_to_have_missed_an_opportunity_to_win_or_draw_a_match_after_the_final_siren.csv,Players to have missed an opportunity to win or draw a match after the final siren,22,
2005-vfl-afl-21-fremantle-justin-longmuir,2005,VFL/AFL,true,21,21,home_and_away,Justin Longmuir,Justin Longmuir,Fremantle,St Kilda,goal,won,,win,final,12.8 (80),11.9 (75),80,75,5,false,,,[38],true,,Players_to_have_kicked_a_goal_to_win_a_match_after_the_final_siren.csv,Players to have kicked a goal to win a match after the final siren,37,
2006-vfl-afl-16-port-adelaide-daniel-motlop,2006,VFL/AFL,true,16,16,home_and_away,Daniel Motlop,Daniel Motlop,Port Adelaide,St Kilda,behind,none,,loss,final,8.12 (60),8.16 (64),60,64,-4,false,,Behind,[98],true,,Players_to_have_missed_an_opportunity_to_win_or_draw_a_match_after_the_final_siren.csv,Players to have missed an opportunity to win or draw a match after the final siren,23,
2008-vfl-afl-7-richmond-jack-riewoldt,2008,VFL/AFL,true,7,7,home_and_away,Jack Riewoldt,Jack Riewoldt,Richmond,St Kilda,none,none,fell short,loss,final,16.11 (107),17.8 (110),107,110,-3,false,,No score (fell short),[100],true,,Players_to_have_missed_an_opportunity_to_win_or_draw_a_match_after_the_final_siren.csv,Players to have missed an opportunity to win or draw a match after the final siren,25,
2008-vfl-afl-9-western-bulldogs-brad-johnson,2008,VFL/AFL,true,9,9,home_and_away,Brad Johnson,Brad Johnson,Western Bulldogs,North Melbourne,behind,none,,loss,final,16.14 (110),16.17 (113),110,113,-3,false,,Behind,[99],true,,Players_to_have_missed_an_opportunity_to_win_or_draw_a_match_after_the_final_siren.csv,Players to have missed an opportunity to win or draw a match after the final siren,24,
2009-vfl-afl-9-western-bulldogs-brad-johnson,2009,VFL/AFL,true,9,9,home_and_away,Brad Johnson,Brad Johnson,Western Bulldogs,Geelong,behind,none,,loss,final,17.12 (114),17.14 (116),114,116,-2,false,,Behind,[101],true,,Players_to_have_missed_an_opportunity_to_win_or_draw_a_match_after_the_final_siren.csv,Players to have missed an opportunity to win or draw a match after the final siren,26,
2009-vfl-afl-17-geelong-jimmy-bartel,2009,VFL/AFL,true,17,17,home_and_away,Jimmy Bartel,Jimmy Bartel,Geelong,Hawthorn,behind,won,,win,final,15.9 (99),14.14 (98),99,98,1,false,,,[72],true,,Players_to_have_kicked_a_behind_to_win_a_match_after_the_final_siren.csv,Players to have kicked a behind to win a match after the final siren,5,
2009-vfl-afl-18-richmond-jordan-mcmahon,2009,VFL/AFL,true,18,18,home_and_away,Jordan McMahon,Jordan McMahon,Richmond,Melbourne,goal,won,,win,final,12.14 (86),12.10 (82),86,82,4,false,,,[39],true,,Players_to_have_kicked_a_goal_to_win_a_match_after_the_final_siren.csv,Players to have kicked a goal to win a match after the final siren,38,
2009-vfl-afl-19-brisbane-lions-daniel-bradshaw,2009,VFL/AFL,true,19,19,home_and_away,Daniel Bradshaw,Daniel Bradshaw,Brisbane Lions,Essendon,goal,drew,,draw,final,12.15 (87),13.9 (87),87,87,0,false,,,[66],true,,Players_to_have_kicked_a_goal_to_draw_a_match_after_the_final_siren.csv,Players to have kicked a goal to draw a match after the final siren,7,
2009-vfl-afl-20-st-kilda-nick-riewoldt,2009,VFL/AFL,true,20,20,home_and_away,Nick Riewoldt,Nick Riewoldt,St Kilda,Essendon,behind,none,,loss,final,16.12 (108),16.14 (110),108,110,-2,false,,Behind,[102],true,,Players_to_have_missed_an_opportunity_to_win_or_draw_a_match_after_the_final_siren.csv,Players to have missed an opportunity to win or draw a match after the final siren,27,
2011-vfl-afl-5-port-adelaide-justin-westhoff,2011,VFL/AFL,true,5,5,home_and_away,Justin Westhoff,Justin Westhoff,Port Adelaide,Gold Coast,behind,none,,loss,final,15.11 (101),15.14 (104),101,104,-3,false,,Behind,[103],true,,Players_to_have_missed_an_opportunity_to_win_or_draw_a_match_after_the_final_siren.csv,Players to have missed an opportunity to win or draw a match after the final siren,28,
2011-vfl-afl-18-fremantle-hayden-ballantyne,2011,VFL/AFL,true,18,18,home_and_away,Hayden Ballantyne,Hayden Ballantyne,Fremantle,West Coast,behind,none,hit the goal post,loss,final,9.10 (64),8.17 (65),64,65,-1,false,,Behind (hit the goal post),[104],true,,Players_to_have_missed_an_opportunity_to_win_or_draw_a_match_after_the_final_siren.csv,Players to have missed an opportunity to win or draw a match after the final siren,29,
2011-vfl-afl-20-sydney-adam-goodes,2011,VFL/AFL,true,20,20,home_and_away,Adam Goodes,Adam Goodes,Sydney,Essendon,behind,none,,loss,final,14.15 (99),15.10 (100),99,100,-1,false,,Behind,[105],true,,Players_to_have_missed_an_opportunity_to_win_or_draw_a_match_after_the_final_siren.csv,Players to have missed an opportunity to win or draw a match after the final siren,30,
2011-nab-cup-1-essendon-mark-williams,2011,NAB Cup,false,1,1,home_and_away,Mark Williams,Mark Williams,Essendon,St Kilda,goal,drew,,draw,final,0.5.8 (38),0.6.2 (38),38,38,0,true,[c],,[126],true,,Players_to_have_kicked_a_goal_to_draw_a_match_after_the_final_siren_1.csv,Players to have kicked a goal to draw a match after the final siren (other competitions),2,
2012-vfl-afl-1-north-melbourne-hamish-mcintosh,2012,VFL/AFL,true,1,1,home_and_away,Hamish McIntosh,Hamish McIntosh,North Melbourne,Essendon,behind,none,,loss,final,15.12 (102),14.20 (104),102,104,-2,false,,Behind,[106],true,,Players_to_have_missed_an_opportunity_to_win_or_draw_a_match_after_the_final_siren.csv,Players to have missed an opportunity to win or draw a match after the final siren,31,
2012-vfl-afl-16-gold-coast-karmichael-hunt,2012,VFL/AFL,true,16,16,home_and_away,Karmichael Hunt,Karmichael Hunt,Gold Coast,Richmond,goal,won,,win,final,13.12 (90),13.10 (88),90,88,2,false,,,[40],true,,Players_to_have_kicked_a_goal_to_win_a_match_after_the_final_siren.csv,Players to have kicked a goal to win a match after the final siren,39,
2012-vfl-afl-19-geelong-tom-hawkins,2012,VFL/AFL,true,19,19,home_and_away,Tom Hawkins,Tom Hawkins,Geelong,Hawthorn,goal,won,,win,final,18.10 (118),17.14 (116),118,116,2,false,,,[41],true,,Players_to_have_kicked_a_goal_to_win_a_match_after_the_final_siren.csv,Players to have kicked a goal to win a match after the final siren,40,
2013-vfl-afl-8-west-coast-nic-naitanui,2013,VFL/AFL,true,8,8,home_and_away,Nic Naitanui,Nic Naitanui,West Coast,North Melbourne,goal,won,,win,final,12.18 (90),13.10 (88),90,88,2,false,,,[42],true,,Players_to_have_kicked_a_goal_to_win_a_match_after_the_final_siren.csv,Players to have kicked a goal to win a match after the final siren,41,
2013-vfl-afl-13-brisbane-lions-ashley-mcgrath,2013,VFL/AFL,true,13,13,home_and_away,Ashley McGrath,Ashley McGrath,Brisbane Lions,Geelong,goal,won,,win,final,15.13 (103),14.14 (98),103,98,5,false,,,[43],true,,Players_to_have_kicked_a_goal_to_win_a_match_after_the_final_siren.csv,Players to have kicked a goal to win a match after the final siren,42,
2013-nab-cup-1-gold-coast-luke-russell,2013,NAB Cup,false,1,1,home_and_away,Luke Russell,Luke Russell,Gold Coast,Hawthorn,behind,won,,win,final,0.4.6 (30),0.4.5 (29),30,29,1,true,[c],,[127],true,,Players_to_have_kicked_a_behind_to_win_a_match_after_the_final_siren_1.csv,Players to have kicked a behind to win a match after the final siren (other competitions),2,
2013-nab-cup-3-richmond-jack-riewoldt,2013,NAB Cup,false,3,3,home_and_away,Jack Riewoldt,Jack Riewoldt,Richmond,Hawthorn,goal,won,,win,final,0.13.7 (85),0.13.6 (84),85,84,1,true,[c],,[124],true,,Players_to_have_kicked_a_goal_to_win_a_match_after_the_final_siren_1.csv,Players to have kicked a goal to win a match after the final siren (other competitions),3,
2014-vfl-afl-20-fremantle-david-mundy,2014,VFL/AFL,true,20,20,home_and_away,David Mundy,David Mundy,Fremantle,Geelong,behind,none,,loss,final,11.13 (79),12.9 (81),79,81,-2,false,,Behind,[107],true,,Players_to_have_missed_an_opportunity_to_win_or_draw_a_match_after_the_final_siren.csv,Players to have missed an opportunity to win or draw a match after the final siren,32,
2016-vfl-afl-8-richmond-sam-lloyd,2016,VFL/AFL,true,8,8,home_and_away,Sam Lloyd,Sam Lloyd,Richmond,Sydney,goal,won,,win,final,14.17 (101),15.10 (100),101,100,1,false,,,[44],true,,Players_to_have_kicked_a_goal_to_win_a_match_after_the_final_siren.csv,Players to have kicked a goal to win a match after the final siren,43,
2016-vfl-afl-19-gold-coast-tom-lynch,2016,VFL/AFL,true,19,19,home_and_away,Tom Lynch,Tom Lynch,Gold Coast,Melbourne,none,none,fell short,loss,final,9.10 (64),9.12 (66),64,66,-2,false,,No score (fell short),[108],true,,Players_to_have_missed_an_opportunity_to_win_or_draw_a_match_after_the_final_siren.csv,Players to have missed an opportunity to win or draw a match after the final siren,33,
2016-vfl-afl-QF-hawthorn-isaac-smith,2016,VFL/AFL,true,QF,QF,final,Isaac Smith,Isaac Smith,Hawthorn,Geelong,behind,none,,loss,final,12.11 (83),12.13 (85),83,85,-2,false,,Behind,[109],true,,Players_to_have_missed_an_opportunity_to_win_or_draw_a_match_after_the_final_siren.csv,Players to have missed an opportunity to win or draw a match after the final siren,34,
2017-vfl-afl-8-fremantle-david-mundy,2017,VFL/AFL,true,8,8,home_and_away,David Mundy,David Mundy,Fremantle,Richmond,goal,won,,win,final,10.12 (72),10.10 (70),72,70,2,false,,,[45],true,,Players_to_have_kicked_a_goal_to_win_a_match_after_the_final_siren.csv,Players to have kicked a goal to win a match after the final siren,44,
2017-vfl-afl-14-sydney-gary-rohan,2017,VFL/AFL,true,14,14,home_and_away,Gary Rohan,Gary Rohan,Sydney,Essendon,goal,won,,win,final,11.20 (86),12.13 (85),86,85,1,false,,,[46],true,,Players_to_have_kicked_a_goal_to_win_a_match_after_the_final_siren.csv,Players to have kicked a goal to win a match after the final siren,45,
2017-vfl-afl-15-geelong-tom-hawkins,2017,VFL/AFL,true,15,15,home_and_away,Tom Hawkins,Tom Hawkins,Geelong,Greater Western Sydney,behind,drew,,draw,final,10.8 (68),10.8 (68),68,68,0,false,,,[76],true,,Players_to_have_kicked_a_behind_to_draw_a_match_after_the_final_siren.csv,Players to have kicked a behind to draw a match after the final siren,4,
2017-vfl-afl-19-adelaide-mitch-mcgovern,2017,VFL/AFL,true,19,19,home_and_away,Mitch McGovern,Mitch McGovern,Adelaide,Collingwood,goal,drew,,draw,final,16.7 (103),15.13 (103),103,103,0,false,,,[67],true,,Players_to_have_kicked_a_goal_to_draw_a_match_after_the_final_siren.csv,Players to have kicked a goal to draw a match after the final siren,8,
2017-vfl-afl-EF-west-coast-luke-shuey,2017,VFL/AFL,true,EF,EF,final,Luke Shuey,Luke Shuey,West Coast,Port Adelaide,goal,won,,win,end_of_extra_time,12.6 (78),10.16 (76),78,76,2,false,[a],,[47],true,asr-adj-001,Players_to_have_kicked_a_goal_to_win_a_match_after_the_final_siren.csv,Players to have kicked a goal to win a match after the final siren,46,"siren: Wikipedia 'List of kicks after the siren in the VFL/AFL' (revision 1371785656) footnote [a] on the Luke Shuey 2017 EF row: 'After extra time.' The 2017 elimination final West Coast 12.6 (78) d. Port Adelaide 10.16 (76) was level at the end of regulation time and the goal followed the siren that ended extra time, i.e. the final siren of the match: the kick decided the match and is a goal to win, not a shot to tie."
2017-jlt-community-series-3-fremantle-ed-langdon,2017,JLT Community Series,false,3,3,home_and_away,Ed Langdon,Ed Langdon,Fremantle,Collingwood,goal,won,,win,final,1.11.12 (87),1.12.4 (85),87,85,2,true,[c],,[125],true,,Players_to_have_kicked_a_goal_to_win_a_match_after_the_final_siren_1.csv,Players to have kicked a goal to win a match after the final siren (other competitions),4,
2018-vfl-afl-1-melbourne-jayden-hunt,2018,VFL/AFL,true,1,1,home_and_away,Jayden Hunt,Jayden Hunt,Melbourne,Geelong,none,none,fell short,loss,final,13.16 (94),14.13 (97),94,97,-3,false,,No score (fell short),[110],true,,Players_to_have_missed_an_opportunity_to_win_or_draw_a_match_after_the_final_siren.csv,Players to have missed an opportunity to win or draw a match after the final siren,35,
2018-vfl-afl-15-geelong-harry-taylor,2018,VFL/AFL,true,15,15,home_and_away,Harry Taylor,Harry Taylor,Geelong,Western Bulldogs,behind,none,,loss,final,15.11 (101),16.7 (103),101,103,-2,false,,Behind,[111],true,,Players_to_have_missed_an_opportunity_to_win_or_draw_a_match_after_the_final_siren.csv,Players to have missed an opportunity to win or draw a match after the final siren,36,
2018-vfl-afl-18-geelong-zach-tuohy,2018,VFL/AFL,true,18,18,home_and_away,Zach Tuohy,Zach Tuohy,Geelong,Melbourne,goal,won,,win,final,16.4 (100),14.14 (98),100,98,2,false,,,[48],true,,Players_to_have_kicked_a_goal_to_win_a_match_after_the_final_siren.csv,Players to have kicked a goal to win a match after the final siren,47,
2018-vfl-afl-21-west-coast-jeremy-mcgovern,2018,VFL/AFL,true,21,21,home_and_away,Jeremy McGovern,Jeremy McGovern,West Coast,Port Adelaide,goal,won,,win,final,9.8 (62),9.4 (58),62,58,4,false,,,[49],true,,Players_to_have_kicked_a_goal_to_win_a_match_after_the_final_siren.csv,Players to have kicked a goal to win a match after the final siren,48,
2019-vfl-afl-8-essendon-david-myers,2019,VFL/AFL,true,8,8,home_and_away,David Myers,David Myers,Essendon,Sydney,none,none,fell short,loss,final,10.12 (72),11.11 (77),72,77,-5,false,,No score (fell short),[112],true,,Players_to_have_missed_an_opportunity_to_win_or_draw_a_match_after_the_final_siren.csv,Players to have missed an opportunity to win or draw a match after the final siren,37,
2019-vfl-afl-10-fremantle-michael-walters,2019,VFL/AFL,true,10,10,home_and_away,Michael Walters,Michael Walters,Fremantle,Brisbane Lions,behind,won,,win,final,10.13 (73),10.12 (72),73,72,1,false,,,[73],true,,Players_to_have_kicked_a_behind_to_win_a_match_after_the_final_siren.csv,Players to have kicked a behind to win a match after the final siren,6,
2020-vfl-afl-7-port-adelaide-robbie-gray,2020,VFL/AFL,true,7,7,home_and_away,Robbie Gray,Robbie Gray,Port Adelaide,Carlton,goal,won,,win,final,9.10 (64),9.7 (61),64,61,3,false,,,[50],true,,Players_to_have_kicked_a_goal_to_win_a_match_after_the_final_siren.csv,Players to have kicked a goal to win a match after the final siren,49,
2020-vfl-afl-12-carlton-jack-newnes,2020,VFL/AFL,true,12,12,home_and_away,Jack Newnes,Jack Newnes,Carlton,Fremantle,goal,won,,win,final,5.10 (40),5.6 (36),40,36,4,false,,,[51],true,,Players_to_have_kicked_a_goal_to_win_a_match_after_the_final_siren.csv,Players to have kicked a goal to win a match after the final siren,50,
2021-vfl-afl-3-brisbane-lions-zac-bailey,2021,VFL/AFL,true,3,3,home_and_away,Zac Bailey,Zac Bailey,Brisbane Lions,Collingwood,goal,won,,win,final,11.7 (73),11.6 (72),73,72,1,false,,,[52],true,,Players_to_have_kicked_a_goal_to_win_a_match_after_the_final_siren.csv,Players to have kicked a goal to win a match after the final siren,51,
2021-vfl-afl-5-sydney-tom-mccartin,2021,VFL/AFL,true,5,5,home_and_away,Tom McCartin,Tom McCartin,Sydney,Greater Western Sydney,none,none,fell short,loss,final,10.9 (69),9.17 (71),69,71,-2,false,,No score (fell short),[113],true,,Players_to_have_missed_an_opportunity_to_win_or_draw_a_match_after_the_final_siren.csv,Players to have missed an opportunity to win or draw a match after the final siren,38,
2021-vfl-afl-13-greater-western-sydney-adam-kennedy,2021,VFL/AFL,true,13,13,home_and_away,Adam Kennedy,Adam Kennedy,Greater Western Sydney,North Melbourne,none,none,fell short,draw,final,14.10 (94),14.10 (94),94,94,0,false,,No score (fell short),[114],true,,Players_to_have_missed_an_opportunity_to_win_or_draw_a_match_after_the_final_siren.csv,Players to have missed an opportunity to win or draw a match after the final siren,39,
2021-vfl-afl-14-geelong-gary-rohan,2021,VFL/AFL,true,14,14,home_and_away,Gary Rohan (2),Gary Rohan,Geelong,Western Bulldogs,goal,won,,win,final,12.11 (83),11.12 (78),83,78,5,false,,,[53],true,,Players_to_have_kicked_a_goal_to_win_a_match_after_the_final_siren.csv,Players to have kicked a goal to win a match after the final siren,52,article repeat marker (2) stripped from the name cell
2021-vfl-afl-23-melbourne-max-gawn,2021,VFL/AFL,true,23,23,home_and_away,Max Gawn,Max Gawn,Melbourne,Geelong,goal,won,,win,final,12.9 (81),12.5 (77),81,77,4,false,,,[54],true,,Players_to_have_kicked_a_goal_to_win_a_match_after_the_final_siren.csv,Players to have kicked a goal to win a match after the final siren,53,
2022-vfl-afl-3-adelaide-jordan-dawson,2022,VFL/AFL,true,3,3,home_and_away,Jordan Dawson,Jordan Dawson,Adelaide,Port Adelaide,goal,won,,win,final,15.6 (96),13.14 (92),96,92,4,false,,,[55],true,,Players_to_have_kicked_a_goal_to_win_a_match_after_the_final_siren.csv,Players to have kicked a goal to win a match after the final siren,54,
2022-vfl-afl-11-richmond-dion-prestia,2022,VFL/AFL,true,11,11,home_and_away,Dion Prestia,Dion Prestia,Richmond,Sydney,none,none,fell short,loss,final,15.10 (100),16.10 (106),100,106,-6,false,,No score (fell short),[115],true,,Players_to_have_missed_an_opportunity_to_win_or_draw_a_match_after_the_final_siren.csv,Players to have missed an opportunity to win or draw a match after the final siren,40,
2022-vfl-afl-17-gold-coast-noah-anderson,2022,VFL/AFL,true,17,17,home_and_away,Noah Anderson,Noah Anderson,Gold Coast,Richmond,goal,won,,win,final,14.10 (94),13.14 (92),94,92,2,false,,,[56],true,,Players_to_have_kicked_a_goal_to_win_a_match_after_the_final_siren.csv,Players to have kicked a goal to win a match after the final siren,55,
2022-vfl-afl-19-collingwood-jamie-elliott,2022,VFL/AFL,true,19,19,home_and_away,Jamie Elliott,Jamie Elliott,Collingwood,Essendon,goal,won,,win,final,12.8 (80),11.10 (76),80,76,4,false,,,[57],true,,Players_to_have_kicked_a_goal_to_win_a_match_after_the_final_siren.csv,Players to have kicked a goal to win a match after the final siren,56,
2023-vfl-afl-4-sydney-oliver-florent,2023,VFL/AFL,true,4,4,home_and_away,Oliver Florent,Oliver Florent,Sydney,Port Adelaide,none,none,fell short,loss,final,9.10 (64),9.12 (66),64,66,-2,false,,No score (fell short),[116],true,,Players_to_have_missed_an_opportunity_to_win_or_draw_a_match_after_the_final_siren.csv,Players to have missed an opportunity to win or draw a match after the final siren,41,
2023-vfl-afl-16-port-adelaide-dan-houston,2023,VFL/AFL,true,16,16,home_and_away,Dan Houston,Dan Houston,Port Adelaide,Essendon,goal,won,,win,final,11.12 (78),10.14 (74),78,74,4,false,,,[58],true,,Players_to_have_kicked_a_goal_to_win_a_match_after_the_final_siren.csv,Players to have kicked a goal to win a match after the final siren,57,
2024-vfl-afl-16-sydney-logan-mcdonald,2024,VFL/AFL,true,16,16,home_and_away,Logan McDonald,Logan McDonald,Sydney,Fremantle,none,none,fell short,loss,final,14.14 (98),15.9 (99),98,99,-1,false,,No score (fell short),[117],true,,Players_to_have_missed_an_opportunity_to_win_or_draw_a_match_after_the_final_siren.csv,Players to have missed an opportunity to win or draw a match after the final siren,42,
2024-vfl-afl-21-carlton-mitch-mcgovern,2024,VFL/AFL,true,21,21,home_and_away,Mitch McGovern,Mitch McGovern,Carlton,Collingwood,none,none,out on the full,loss,final,11.15 (81),12.12 (84),81,84,-3,false,,No score (out on the full),[118],true,,Players_to_have_missed_an_opportunity_to_win_or_draw_a_match_after_the_final_siren.csv,Players to have missed an opportunity to win or draw a match after the final siren,43,
2024-vfl-afl-22-gold-coast-mac-andrew,2024,VFL/AFL,true,22,22,home_and_away,Mac Andrew,Mac Andrew,Gold Coast,Essendon,goal,won,,win,final,13.9 (87),12.14 (86),87,86,1,false,,,[59],true,,Players_to_have_kicked_a_goal_to_win_a_match_after_the_final_siren.csv,Players to have kicked a goal to win a match after the final siren,58,
2025-vfl-afl-8-collingwood-jack-crisp,2025,VFL/AFL,true,8,8,home_and_away,Jack Crisp,Jack Crisp,Collingwood,Geelong,behind,none,,loss,final,12.15 (87),13.12 (90),87,90,-3,false,,Behind,[119],true,,Players_to_have_missed_an_opportunity_to_win_or_draw_a_match_after_the_final_siren.csv,Players to have missed an opportunity to win or draw a match after the final siren,44,
2025-vfl-afl-20-st-kilda-nasiah-wanganeen-milera,2025,VFL/AFL,true,20,20,home_and_away,Nasiah Wanganeen-Milera,Nasiah Wanganeen-Milera,St Kilda,Melbourne,goal,won,,win,final,15.6 (96),13.12 (90),96,90,6,false,,,[60],true,,Players_to_have_kicked_a_goal_to_win_a_match_after_the_final_siren.csv,Players to have kicked a goal to win a match after the final siren,59,
2026-vfl-afl-6-carlton-talor-byrne,2026,VFL/AFL,true,6,6,home_and_away,Talor Byrne,Talor Byrne,Carlton,Collingwood,behind,none,,loss,final,12.11 (83),13.10 (88),83,88,-5,false,,Behind,[120],true,,Players_to_have_missed_an_opportunity_to_win_or_draw_a_match_after_the_final_siren.csv,Players to have missed an opportunity to win or draw a match after the final siren,45,
2026-vfl-afl-8-hawthorn-dylan-moore,2026,VFL/AFL,true,8,8,home_and_away,Dylan Moore,Dylan Moore,Hawthorn,Collingwood,goal,drew,,draw,final,13.15 (93),15.3 (93),93,93,0,false,,,[68],true,,Players_to_have_kicked_a_goal_to_draw_a_match_after_the_final_siren.csv,Players to have kicked a goal to draw a match after the final siren,9,
2026-vfl-afl-11-north-melbourne-cameron-zurhaar,2026,VFL/AFL,true,11,11,home_and_away,Cameron Zurhaar,Cameron Zurhaar,North Melbourne,Gold Coast,goal,won,,win,final,17.9 (111),16.9 (105),111,105,6,false,,,,false,asr-adj-003,Players_to_have_kicked_a_goal_to_win_a_match_after_the_final_siren.csv,Players to have kicked a goal to win a match after the final siren,60,"citation: The export row carries an empty Ref. cell; every other row in the eight exports is cited. The live article (revision 1371785656, inspected 2026-09-05) shows the row with a reference, so the citation post-dates the export. No independent source was consulted here: the row is kept as the export states it and recorded as an evidence gap for the loader to treat like any other cited row only once a citation is captured."
2026-vfl-afl-23-hawthorn-dylan-moore,2026,VFL/AFL,true,23,23,home_and_away,Dylan Moore,Dylan Moore,Hawthorn,Collingwood,none,none,fell short,draw,final,13.14 (92),13.14 (92),92,92,0,false,,No score (fell short),[121],true,,Players_to_have_missed_an_opportunity_to_win_or_draw_a_match_after_the_final_siren.csv,Players to have missed an opportunity to win or draw a match after the final siren,46,
2026-vfl-afl-WF-collingwood-tim-membrey,2026,VFL/AFL,true,WF,WF,final,Tim Membrey,Tim Membrey,Collingwood,Western Bulldogs,behind,none,,loss,final,14.9 (93),14.12 (96),93,96,-3,false,,Behind,[122],true,,Players_to_have_missed_an_opportunity_to_win_or_draw_a_match_after_the_final_siren.csv,Players to have missed an opportunity to win or draw a match after the final siren,47,
