sample_index,stratum,player_url,visible_name,captured_afltables_url,machine_outcome,recheck_classes,draftguru_evidence,retained_evidence,recommended_verdict,recommendation_reason,operator_verdict,operator_notes
428,random,https://www.draftguru.com.au/players/peter_whyte/1,Peter Whyte,https://afltables.com/afl/stats/players/P/Peter_Whyte.html,offline_contradict,1_offline_contradict,Peter Whyte (title says born 1969); games=0 goals=0 (Aug-2026 capture); draft rows: 1990 National pick 68 Brisbane,Peter Whyte; birth_year=1969; games=22 goals=3; span 1986-1988; clubs=Geelong,contradict,"Genuine different-person mismatch, source-side (DraftGuru href), not a tool or AFLDB defect. DraftGuru's own capture records 0 career games for this specific drafted entry (i.e. this person never played a senior game), but the href players/P/Peter_Whyte.html resolves to an unrelated, already-established AFL/VFL player whose retained career (1986-1988, 22 games) ended before this person's earliest recruitment year. All 7 sampled career-ended contradictions share this identical signature (zero-games draftee linked to an unrelated retired namesake); recommend the bridge for this specific DraftGuru identity remain withheld.",,
586,random,https://www.draftguru.com.au/players/craig_somerville/1,Craig Somerville,https://afltables.com/afl/stats/players/C/Craig_Somerville.html,offline_contradict,1_offline_contradict,Craig Somerville (title says born 1968); games=0 goals=0 (Aug-2026 capture); draft rows: 1988 Trade pick None Brisbane,Craig Somerville; birth_year=1968; games=8 goals=7; span 1986-1986; clubs=Footscray,contradict,"Genuine different-person mismatch, source-side (DraftGuru href), not a tool or AFLDB defect. DraftGuru's own capture records 0 career games for this specific drafted entry (i.e. this person never played a senior game), but the href players/C/Craig_Somerville.html resolves to an unrelated, already-established AFL/VFL player whose retained career (1986-1986, 8 games) ended before this person's earliest recruitment year. All 7 sampled career-ended contradictions share this identical signature (zero-games draftee linked to an unrelated retired namesake); recommend the bridge for this specific DraftGuru identity remain withheld.",,
625,random,https://www.draftguru.com.au/players/bret_hutchinson/1,Bret Hutchinson,https://afltables.com/afl/stats/players/B/Bret_Hutchinson.html,offline_contradict,1_offline_contradict,Bret Hutchinson (title says born 1964); games=0 goals=0 (Aug-2026 capture); draft rows: 1989 Pre-Season pick 38 West Coast,Bret Hutchinson; birth_year=1964; games=1 goals=0; span 1985-1985; clubs=Melbourne,contradict,"Genuine different-person mismatch, source-side (DraftGuru href), not a tool or AFLDB defect. DraftGuru's own capture records 0 career games for this specific drafted entry (i.e. this person never played a senior game), but the href players/B/Bret_Hutchinson.html resolves to an unrelated, already-established AFL/VFL player whose retained career (1985-1985, 1 games) ended before this person's earliest recruitment year. All 7 sampled career-ended contradictions share this identical signature (zero-games draftee linked to an unrelated retired namesake); recommend the bridge for this specific DraftGuru identity remain withheld.",,
659,random,https://www.draftguru.com.au/players/tim_bourke/1,Tim Bourke,https://afltables.com/afl/stats/players/T/Tim_Bourke.html,offline_contradict,1_offline_contradict,Tim Bourke (title says born 1969); games=0 goals=0 (Aug-2026 capture); draft rows: 1991 Trade pick None North Melbourne,Tim Bourke; birth_year=1969; games=5 goals=0; span 1989-1990; clubs=Geelong,contradict,"Genuine different-person mismatch, source-side (DraftGuru href), not a tool or AFLDB defect. DraftGuru's own capture records 0 career games for this specific drafted entry (i.e. this person never played a senior game), but the href players/T/Tim_Bourke.html resolves to an unrelated, already-established AFL/VFL player whose retained career (1989-1990, 5 games) ended before this person's earliest recruitment year. All 7 sampled career-ended contradictions share this identical signature (zero-games draftee linked to an unrelated retired namesake); recommend the bridge for this specific DraftGuru identity remain withheld.",,
874,random,https://www.draftguru.com.au/players/david_williams/1,David Williams,https://afltables.com/afl/stats/players/D/David_Williams.html,offline_contradict,1_offline_contradict,David Williams (title says born 1961); games=0 goals=0 (Aug-2026 capture); draft rows: 1989 Pre-Season pick 7 Richmond,David Williams; birth_year=1962; games=67 goals=102; span 1983-1988; clubs=Melbourne,contradict,"Genuine different-person mismatch, source-side (DraftGuru href), not a tool or AFLDB defect. DraftGuru's own capture records 0 career games for this specific drafted entry (i.e. this person never played a senior game), but the href players/D/David_Williams.html resolves to an unrelated, already-established AFL/VFL player whose retained career (1983-1988, 67 games) ended before this person's earliest recruitment year. All 7 sampled career-ended contradictions share this identical signature (zero-games draftee linked to an unrelated retired namesake); recommend the bridge for this specific DraftGuru identity remain withheld.",,
948,random,https://www.draftguru.com.au/players/simon_taylor/1,Simon Taylor,https://afltables.com/afl/stats/players/S/Simon_Taylor0.html,offline_contradict,10_weak_or_suffix_or_continuity;1_offline_contradict,Simon Taylor (title says born 1970); games=0 goals=0 (Aug-2026 capture); draft rows: 1991 Pre-Season pick 30 Fitzroy,Simon Taylor; birth_year=1970; games=2 goals=1; span 1989-1989; clubs=Collingwood,contradict,"Genuine different-person mismatch, source-side (DraftGuru href), not a tool or AFLDB defect. DraftGuru's own capture records 0 career games for this specific drafted entry (i.e. this person never played a senior game), but the href players/S/Simon_Taylor0.html resolves to an unrelated, already-established AFL/VFL player whose retained career (1989-1989, 2 games) ended before this person's earliest recruitment year. All 7 sampled career-ended contradictions share this identical signature (zero-games draftee linked to an unrelated retired namesake); recommend the bridge for this specific DraftGuru identity remain withheld.",,
961,random,https://www.draftguru.com.au/players/glen_bartlett/1,Glen Bartlett,https://afltables.com/afl/stats/players/G/Glen_Bartlett.html,offline_contradict,1_offline_contradict,Glen Bartlett (title says born 1964); games=0 goals=0 (Aug-2026 capture); draft rows: 1989 Mid-Season pick 38 Brisbane,Glen Bartlett; birth_year=1964; games=4 goals=0; span 1987-1987; clubs=West Coast,contradict,"Genuine different-person mismatch, source-side (DraftGuru href), not a tool or AFLDB defect. DraftGuru's own capture records 0 career games for this specific drafted entry (i.e. this person never played a senior game), but the href players/G/Glen_Bartlett.html resolves to an unrelated, already-established AFL/VFL player whose retained career (1987-1987, 4 games) ended before this person's earliest recruitment year. All 7 sampled career-ended contradictions share this identical signature (zero-games draftee linked to an unrelated retired namesake); recommend the bridge for this specific DraftGuru identity remain withheld.",,
227,census,https://www.draftguru.com.au/players/keith_thomas/2,Keith Thomas,https://afltables.com/afl/stats/players/K/Keith_Thomas1.html,offline_limited,10_weak_or_suffix_or_continuity;2_offline_limited,Keith Thomas (title says born 1961); games=28 goals=15 (Aug-2026 capture); draft rows: 1982 National pick 5 Melbourne,Keith Thomas; birth_year=1961; games=28 goals=15; span 1987-1988; clubs=Fitzroy,agree,"Numeric-suffix identity (Keith_Thomas1.html) with no club overlap (DraftGuru's sole draft-club Melbourne 1982 vs retained club Fitzroy), which is why the tool correctly withholds offline_strong for a suffixed path here. Birth year (1961/1961 exact) and games (28/28 exact) both corroborate strongly. Recommend confirming despite the missing club-overlap signal.",,
371,census,https://www.draftguru.com.au/players/tim_walsh/1,Tim Walsh,https://afltables.com/afl/stats/players/T/Tim_Walsh.html,offline_limited,2_offline_limited,Tim Walsh (title says born 1985); games=1 goals=1 (Aug-2026 capture); draft rows: 2002 National pick 4 Western Bulldogs,Tim Walsh; birth_year=None; games=1 goals=1; span 2005-2005; clubs=Western Bulldogs,agree,"Age-calculation boundary issue, not a contradiction: this identity's only retained dated row records a literal Age=""0"" source-data sentinel (confirmed via the AGE_ARTIFACT_FLOOR tool correction; population check found 10/3,564 bridged identities share this artifact). No valid retained age evidence exists at all for this identity, hence BIRTH_YEAR_UNAVAILABLE (honest, not a guess). Games (1/1), club (Western Bulldogs/Western Bulldogs) and debut-timing all match exactly. Recommend confirming the identity on the strength of the non-birth-year signals.",,
197,census,https://www.draftguru.com.au/players/joel_smith/1,Joel Smith,https://afltables.com/afl/stats/players/J/Joel_Smith.html,target_unregistered,3_target_unregistered;6_numbering,Joel Smith (title says born 1977); games=163 goals=39 (Aug-2026 capture); draft rows: 1994 National pick 5 St Kilda; 1997 Pre-Season pick 2 Hawthorn,NOT REGISTERED on afldb_test (no retained snapshot rows for this identity),source_discrepancy_same_person,"DraftGuru's captured href names the plain, unsuffixed path (players/J/Joel_Smith.html), which does not exist in the accepted snapshot -- only the suffixed 0/1 variants do (AFL Tables retroactively numbers every name shared by 2+ players). players/J/Joel_Smith0.html matches on three independent signals beyond name: games 221/221 exact, birth year ~1977 (from Age at debut) matching the DraftGuru title year, and club history (St Kilda, Hawthorn) matching exactly (span 1995-2007). This is sufficient corroboration to identify the correct registered target, but the existing bridge contract joins on the literal captured href only and has no suffix-fallback; recommend NOT auto-applying this bridge, and instead routing to operator player-link curation naming players/J/Joel_Smith0.html as the deterministic correction. Machine outcome (target_unregistered) is correct under the current contract and is left unchanged.",,
716,random,https://www.draftguru.com.au/players/tom_murphy/1,Tom Murphy,https://afltables.com/afl/stats/players/T/Tom_Murphy.html,target_unregistered,3_target_unregistered;6_numbering,Tom Murphy (title says born 1986); games=18 goals=0 (Aug-2026 capture); draft rows: 2004 National pick 21 Hawthorn; 2012 Free Agency pick None Gold Coast,NOT REGISTERED on afldb_test (no retained snapshot rows for this identity),source_discrepancy_same_person,"DraftGuru's captured href names the plain, unsuffixed path (players/T/Tom_Murphy.html), which does not exist in the accepted snapshot -- only the suffixed 0/1 variants do (AFL Tables retroactively numbers every name shared by 2+ players). players/T/Tom_Murphy0.html matches on three independent signals beyond name: games 113/113 exact, birth year ~1986 (from Age at debut) matching the DraftGuru title year, and club history (Hawthorn, Gold Coast) matching exactly (span 2005-2014). This is sufficient corroboration to identify the correct registered target, but the existing bridge contract joins on the literal captured href only and has no suffix-fallback; recommend NOT auto-applying this bridge, and instead routing to operator player-link curation naming players/T/Tom_Murphy0.html as the deterministic correction. Machine outcome (target_unregistered) is correct under the current contract and is left unchanged.",,
884,random,https://www.draftguru.com.au/players/josh_smith/1,Josh Smith,https://afltables.com/afl/stats/players/J/Josh_Smith.html,target_unregistered,3_target_unregistered;6_numbering,Josh Smith (title says born 1986); games=11 goals=2 (Aug-2026 capture); draft rows: 2007 National pick 62 North Melbourne,NOT REGISTERED on afldb_test (no retained snapshot rows for this identity),source_discrepancy_same_person,"DraftGuru's captured href names the plain, unsuffixed path (players/J/Josh_Smith.html), which does not exist in the accepted snapshot -- only the suffixed 0/1 variants do (AFL Tables retroactively numbers every name shared by 2+ players). players/J/Josh_Smith0.html matches on three independent signals beyond name: games 11/11 exact, birth year ~1986 (from Age at debut) matching the DraftGuru title year, and club history (North Melbourne) matching exactly (span 2008-2010). This is sufficient corroboration to identify the correct registered target, but the existing bridge contract joins on the literal captured href only and has no suffix-fallback; recommend NOT auto-applying this bridge, and instead routing to operator player-link curation naming players/J/Josh_Smith0.html as the deterministic correction. Machine outcome (target_unregistered) is correct under the current contract and is left unchanged.",,
933,random,https://www.draftguru.com.au/players/stephen_schwerdt/1,Stephen Schwerdt,https://afltables.com/afl/stats/players/S/Steven_Schwerdt.html,target_unregistered,3_target_unregistered;8_schwerdt,Stephen Schwerdt (title says born 1968); games=25 goals=4 (Aug-2026 capture); draft rows: 1989 National pick 78 West Coast; 1990 Pre-Draft pick None Adelaide,NOT REGISTERED on afldb_test (no retained snapshot rows for this identity),source_discrepancy_same_person,"Third spelling case confirmed (as the runbook anticipated): DraftGuru's href literally names Steven_Schwerdt.html, which is absent from the accepted snapshot; players/S/Stephen_Schwerdt.html exists and its visible name on DraftGuru's own captured page is already spelled ""Stephen"" (matching the correctly-spelled identity, not the href's ""Steven""). Corroboration beyond name: games 25/25 exact, birth year 1968 exact match (Age at debut), club Adelaide exact match, span 1992-1994. Recommend operator player-link curation to players/S/Stephen_Schwerdt.html rather than auto-applying; machine outcome (target_unregistered) is left unchanged.",,
95,census,https://www.draftguru.com.au/players/dan_curtin/1,Dan Curtin,https://afltables.com/afl/stats/players/D/Daniel_Curtin.html,offline_strong,7_spelling_or_name_variant,Dan Curtin (title says born 2005); games=48 goals=17 (Aug-2026 capture); draft rows: 2023 National pick 8 Adelaide,Daniel Curtin; birth_year=2005; games=32 goals=14; span 2024-2025; clubs=Adelaide,agree,"Listed name-variant pair (diminutive/formal or spelling form); birth year, games and club evidence corroborate the same person beyond the name variant itself. Confirm the variant pairing.",,
278,census,https://www.draftguru.com.au/players/matthew_scharenberg/1,Matthew Scharenberg,https://afltables.com/afl/stats/players/M/Matt_Scharenberg.html,offline_strong,7_spelling_or_name_variant,Matthew Scharenberg (title says born 1995); games=41 goals=0 (Aug-2026 capture); draft rows: 2013 National pick 6 Collingwood,Matt Scharenberg; birth_year=1995; games=41 goals=0; span 2015-2020; clubs=Collingwood,agree,"Listed name-variant pair (diminutive/formal or spelling form); birth year, games and club evidence corroborate the same person beyond the name variant itself. Confirm the variant pairing.",,
474,random,https://www.draftguru.com.au/players/ed_allan/1,Ed Allan,https://afltables.com/afl/stats/players/E/Edward_Allan.html,offline_strong,7_spelling_or_name_variant,Ed Allan (title says born 2004); games=33 goals=8 (Aug-2026 capture); draft rows: 2022 National pick 19 Collingwood,Edward Allan; birth_year=2004; games=15 goals=2; span 2024-2025; clubs=Collingwood,agree,"Listed name-variant pair (diminutive/formal or spelling form); birth year, games and club evidence corroborate the same person beyond the name variant itself. Confirm the variant pairing.",,
539,random,https://www.draftguru.com.au/players/harrison_jones/1,Harrison Jones,https://afltables.com/afl/stats/players/H/Harry_Jones1.html,offline_strong,10_weak_or_suffix_or_continuity;7_spelling_or_name_variant,Harrison Jones (title says born 1999); games=1 goals=0 (Aug-2026 capture); draft rows: 2017 Rookie pick 7 Hawthorn,Harry Jones; birth_year=1999; games=1 goals=0; span 2020-2020; clubs=Hawthorn,agree,"Listed name-variant pair (diminutive/formal or spelling form); birth year, games and club evidence corroborate the same person beyond the name variant itself. Confirm the variant pairing.",,
671,random,https://www.draftguru.com.au/players/harrison_jones/2,Harrison Jones,https://afltables.com/afl/stats/players/H/Harry_Jones2.html,offline_strong,10_weak_or_suffix_or_continuity;7_spelling_or_name_variant,Harrison Jones (title says born 2001); games=66 goals=57 (Aug-2026 capture); draft rows: 2019 National pick 30 Essendon,Harry Jones; birth_year=2001; games=59 goals=55; span 2021-2025; clubs=Essendon,agree,"Listed name-variant pair (diminutive/formal or spelling form); birth year, games and club evidence corroborate the same person beyond the name variant itself. Confirm the variant pairing.",,
703,random,https://www.draftguru.com.au/players/lachlan_fogarty/1,Lachlan Fogarty,https://afltables.com/afl/stats/players/L/Lachie_Fogarty.html,offline_strong,7_spelling_or_name_variant,Lachlan Fogarty (title says born 1999); games=69 goals=30 (Aug-2026 capture); draft rows: 2017 National pick 22 Geelong; 2020 Trade pick None Carlton,"Lachie Fogarty; birth_year=1999; games=90 goals=36; span 2018-2025; clubs=Carlton, Geelong",agree,"Listed name-variant pair (diminutive/formal or spelling form); birth year, games and club evidence corroborate the same person beyond the name variant itself. Confirm the variant pairing.",,
752,random,https://www.draftguru.com.au/players/ollie_hanrahan/1,Ollie Hanrahan,https://afltables.com/afl/stats/players/O/Oliver_Hanrahan.html,offline_strong,7_spelling_or_name_variant,Ollie Hanrahan (title says born 1998); games=29 goals=18 (Aug-2026 capture); draft rows: 2016 Rookie pick 14 Hawthorn,Oliver Hanrahan; birth_year=1998; games=29 goals=18; span 2019-2021; clubs=Hawthorn,agree,"Listed name-variant pair (diminutive/formal or spelling form); birth year, games and club evidence corroborate the same person beyond the name variant itself. Confirm the variant pairing.",,
793,random,https://www.draftguru.com.au/players/lachie_bramble/1,Lachie Bramble,https://afltables.com/afl/stats/players/L/Lachlan_Bramble.html,offline_strong,7_spelling_or_name_variant,Lachie Bramble (title says born 1998); games=70 goals=11 (Aug-2026 capture); draft rows: 2023 Post-Draft pick None Western Bulldogs,"Lachlan Bramble; birth_year=1998; games=77 goals=9; span 2021-2025; clubs=Hawthorn, Western Bulldogs",agree,"Listed name-variant pair (diminutive/formal or spelling form); birth year, games and club evidence corroborate the same person beyond the name variant itself. Confirm the variant pairing.",,
830,random,https://www.draftguru.com.au/players/lachie_sullivan/1,Lachie Sullivan,https://afltables.com/afl/stats/players/L/Lachlan_Sullivan.html,offline_strong,7_spelling_or_name_variant,Lachie Sullivan (title says born 1997); games=26 goals=10 (Aug-2026 capture); draft rows: 2023 Post-Draft pick None Collingwood,Lachlan Sullivan; birth_year=1997; games=24 goals=8; span 2024-2025; clubs=Collingwood,agree,"Listed name-variant pair (diminutive/formal or spelling form); birth year, games and club evidence corroborate the same person beyond the name variant itself. Confirm the variant pairing.",,
983,random,https://www.draftguru.com.au/players/matt_cottrell/1,Matt Cottrell,https://afltables.com/afl/stats/players/M/Matthew_Cottrell.html,offline_strong,7_spelling_or_name_variant,Matt Cottrell (title says born 2000); games=86 goals=41 (Aug-2026 capture); draft rows: 2018 Post-Draft pick None Carlton,Matthew Cottrell; birth_year=2000; games=74 goals=36; span 2020-2025; clubs=Carlton,agree,"Listed name-variant pair (diminutive/formal or spelling form); birth year, games and club evidence corroborate the same person beyond the name variant itself. Confirm the variant pairing.",,
89,census,https://www.draftguru.com.au/players/cooper_duff-tytler/1,Cooper Duff-Tytler,https://afltables.com/afl/stats/players/C/Cooper_Duff-Tytler.html,target_unregistered,3_target_unregistered,Cooper Duff-Tytler (title says born 2007); games=16 goals=4 (Aug-2026 capture); draft rows: 2025 National pick 4 West Coast,NOT REGISTERED on afldb_test (no retained snapshot rows for this identity),withhold,"No retained evidence exists at all for this identity (absent from the accepted snapshot's 13,275-URL set through season 2025). Earliest DraftGuru draft year 2025 is consistent with the measured finding (§10.3) that all 101 target_not_registered paths in the full child are simply not yet in the accepted historical baseline, not a staleness or misregistration defect. Continued withholding recommended; no forced match.",,
96,census,https://www.draftguru.com.au/players/daniel_annable/1,Daniel Annable,https://afltables.com/afl/stats/players/D/Daniel_Annable.html,target_unregistered,3_target_unregistered,Daniel Annable (title says born 2007); games=3 goals=1 (Aug-2026 capture); draft rows: 2025 National pick 6 Brisbane,NOT REGISTERED on afldb_test (no retained snapshot rows for this identity),withhold,"No retained evidence exists at all for this identity (absent from the accepted snapshot's 13,275-URL set through season 2025). Earliest DraftGuru draft year 2025 is consistent with the measured finding (§10.3) that all 101 target_not_registered paths in the full child are simply not yet in the accepted historical baseline, not a staleness or misregistration defect. Continued withholding recommended; no forced match.",,
125,census,https://www.draftguru.com.au/players/dylan_patterson/1,Dylan Patterson,https://afltables.com/afl/stats/players/D/Dylan_Patterson.html,target_unregistered,3_target_unregistered,Dylan Patterson (title says born 2007); games=5 goals=3 (Aug-2026 capture); draft rows: 2025 National pick 5 Gold Coast,NOT REGISTERED on afldb_test (no retained snapshot rows for this identity),withhold,"No retained evidence exists at all for this identity (absent from the accepted snapshot's 13,275-URL set through season 2025). Earliest DraftGuru draft year 2025 is consistent with the measured finding (§10.3) that all 101 target_not_registered paths in the full child are simply not yet in the accepted historical baseline, not a staleness or misregistration defect. Continued withholding recommended; no forced match.",,
148,census,https://www.draftguru.com.au/players/harry_dean/1,Harry Dean,https://afltables.com/afl/stats/players/H/Harry_Dean.html,target_unregistered,3_target_unregistered,Harry Dean (title says born 2007); games=20 goals=1 (Aug-2026 capture); draft rows: 2025 National pick 3 Carlton,NOT REGISTERED on afldb_test (no retained snapshot rows for this identity),withhold,"No retained evidence exists at all for this identity (absent from the accepted snapshot's 13,275-URL set through season 2025). Earliest DraftGuru draft year 2025 is consistent with the measured finding (§10.3) that all 101 target_not_registered paths in the full child are simply not yet in the accepted historical baseline, not a staleness or misregistration defect. Continued withholding recommended; no forced match.",,
164,census,https://www.draftguru.com.au/players/jacob_farrow/1,Jacob Farrow,https://afltables.com/afl/stats/players/J/Jacob_Farrow.html,target_unregistered,3_target_unregistered,Jacob Farrow (title says born 2007); games=21 goals=4 (Aug-2026 capture); draft rows: 2025 National pick 10 Essendon,NOT REGISTERED on afldb_test (no retained snapshot rows for this identity),withhold,"No retained evidence exists at all for this identity (absent from the accepted snapshot's 13,275-URL set through season 2025). Earliest DraftGuru draft year 2025 is consistent with the measured finding (§10.3) that all 101 target_not_registered paths in the full child are simply not yet in the accepted historical baseline, not a staleness or misregistration defect. Continued withholding recommended; no forced match.",,
167,census,https://www.draftguru.com.au/players/jagga_smith/1,Jagga Smith,https://afltables.com/afl/stats/players/J/Jagga_Smith.html,target_unregistered,3_target_unregistered,Jagga Smith (title says born 2006); games=23 goals=8 (Aug-2026 capture); draft rows: 2024 National pick 3 Carlton,NOT REGISTERED on afldb_test (no retained snapshot rows for this identity),withhold,"No retained evidence exists at all for this identity (absent from the accepted snapshot's 13,275-URL set through season 2025). Earliest DraftGuru draft year 2024 is consistent with the measured finding (§10.3) that all 101 target_not_registered paths in the full child are simply not yet in the accepted historical baseline, not a staleness or misregistration defect. Continued withholding recommended; no forced match.",,
343,census,https://www.draftguru.com.au/players/sam_cumming/1,Sam Cumming,https://afltables.com/afl/stats/players/S/Sam_Cumming.html,target_unregistered,3_target_unregistered,Sam Cumming (title says born 2007); games=14 goals=8 (Aug-2026 capture); draft rows: 2025 National pick 7 Richmond,NOT REGISTERED on afldb_test (no retained snapshot rows for this identity),withhold,"No retained evidence exists at all for this identity (absent from the accepted snapshot's 13,275-URL set through season 2025). Earliest DraftGuru draft year 2025 is consistent with the measured finding (§10.3) that all 101 target_not_registered paths in the full child are simply not yet in the accepted historical baseline, not a staleness or misregistration defect. Continued withholding recommended; no forced match.",,
346,census,https://www.draftguru.com.au/players/sam_grlj/1,Sam Grlj,https://afltables.com/afl/stats/players/S/Sam_Grlj.html,target_unregistered,3_target_unregistered,Sam Grlj (title says born 2007); games=21 goals=2 (Aug-2026 capture); draft rows: 2025 National pick 8 Richmond,NOT REGISTERED on afldb_test (no retained snapshot rows for this identity),withhold,"No retained evidence exists at all for this identity (absent from the accepted snapshot's 13,275-URL set through season 2025). Earliest DraftGuru draft year 2025 is consistent with the measured finding (§10.3) that all 101 target_not_registered paths in the full child are simply not yet in the accepted historical baseline, not a staleness or misregistration defect. Continued withholding recommended; no forced match.",,
368,census,https://www.draftguru.com.au/players/sullivan_robey/1,Sullivan Robey,https://afltables.com/afl/stats/players/S/Sullivan_Robey.html,target_unregistered,3_target_unregistered,Sullivan Robey (title says born 2007); games=15 goals=9 (Aug-2026 capture); draft rows: 2025 National pick 9 Essendon,NOT REGISTERED on afldb_test (no retained snapshot rows for this identity),withhold,"No retained evidence exists at all for this identity (absent from the accepted snapshot's 13,275-URL set through season 2025). Earliest DraftGuru draft year 2025 is consistent with the measured finding (§10.3) that all 101 target_not_registered paths in the full child are simply not yet in the accepted historical baseline, not a staleness or misregistration defect. Continued withholding recommended; no forced match.",,
394,census,https://www.draftguru.com.au/players/willem_duursma/1,Willem Duursma,https://afltables.com/afl/stats/players/W/Willem_Duursma.html,target_unregistered,3_target_unregistered,Willem Duursma (title says born 2007); games=22 goals=14 (Aug-2026 capture); draft rows: 2025 National pick 1 West Coast,NOT REGISTERED on afldb_test (no retained snapshot rows for this identity),withhold,"No retained evidence exists at all for this identity (absent from the accepted snapshot's 13,275-URL set through season 2025). Earliest DraftGuru draft year 2025 is consistent with the measured finding (§10.3) that all 101 target_not_registered paths in the full child are simply not yet in the accepted historical baseline, not a staleness or misregistration defect. Continued withholding recommended; no forced match.",,
399,census,https://www.draftguru.com.au/players/zeke_uwland/1,Zeke Uwland,https://afltables.com/afl/stats/players/Z/Zeke_Uwland.html,target_unregistered,3_target_unregistered,Zeke Uwland (title says born 2007); games=17 goals=7 (Aug-2026 capture); draft rows: 2025 National pick 2 Gold Coast,NOT REGISTERED on afldb_test (no retained snapshot rows for this identity),withhold,"No retained evidence exists at all for this identity (absent from the accepted snapshot's 13,275-URL set through season 2025). Earliest DraftGuru draft year 2025 is consistent with the measured finding (§10.3) that all 101 target_not_registered paths in the full child are simply not yet in the accepted historical baseline, not a staleness or misregistration defect. Continued withholding recommended; no forced match.",,
540,random,https://www.draftguru.com.au/players/toby_murray/1,Toby Murray,https://afltables.com/afl/stats/players/T/Toby_Murray.html,target_unregistered,3_target_unregistered,Toby Murray (title says born 2003); games=13 goals=9 (Aug-2026 capture); draft rows: 2023 Mid-Season pick 7 Adelaide,NOT REGISTERED on afldb_test (no retained snapshot rows for this identity),withhold,"No retained evidence exists at all for this identity (absent from the accepted snapshot's 13,275-URL set through season 2025). Earliest DraftGuru draft year 2023 is consistent with the measured finding (§10.3) that all 101 target_not_registered paths in the full child are simply not yet in the accepted historical baseline, not a staleness or misregistration defect. Continued withholding recommended; no forced match.",,
609,random,https://www.draftguru.com.au/players/mitch_zadow/1,Mitch Zadow,https://afltables.com/afl/stats/players/M/Mitch_Zadow.html,target_unregistered,3_target_unregistered,Mitch Zadow (title says born 2004); games=9 goals=8 (Aug-2026 capture); draft rows: 2025 Post-Draft pick None Port Adelaide,NOT REGISTERED on afldb_test (no retained snapshot rows for this identity),withhold,"No retained evidence exists at all for this identity (absent from the accepted snapshot's 13,275-URL set through season 2025). Earliest DraftGuru draft year 2025 is consistent with the measured finding (§10.3) that all 101 target_not_registered paths in the full child are simply not yet in the accepted historical baseline, not a staleness or misregistration defect. Continued withholding recommended; no forced match.",,
656,random,https://www.draftguru.com.au/players/billy_cootee/1,Billy Cootee,https://afltables.com/afl/stats/players/B/Billy_Cootee.html,target_unregistered,3_target_unregistered,Billy Cootee (title says born 2002); games=9 goals=12 (Aug-2026 capture); draft rows: 2025 National pick 42 Sydney,NOT REGISTERED on afldb_test (no retained snapshot rows for this identity),withhold,"No retained evidence exists at all for this identity (absent from the accepted snapshot's 13,275-URL set through season 2025). Earliest DraftGuru draft year 2025 is consistent with the measured finding (§10.3) that all 101 target_not_registered paths in the full child are simply not yet in the accepted historical baseline, not a staleness or misregistration defect. Continued withholding recommended; no forced match.",,
677,random,https://www.draftguru.com.au/players/milan_murdock/1,Milan Murdock,https://afltables.com/afl/stats/players/M/Milan_Murdock.html,target_unregistered,3_target_unregistered,Milan Murdock (title says born 2000); games=20 goals=19 (Aug-2026 capture); draft rows: 2025 Post-Draft pick None West Coast,NOT REGISTERED on afldb_test (no retained snapshot rows for this identity),withhold,"No retained evidence exists at all for this identity (absent from the accepted snapshot's 13,275-URL set through season 2025). Earliest DraftGuru draft year 2025 is consistent with the measured finding (§10.3) that all 101 target_not_registered paths in the full child are simply not yet in the accepted historical baseline, not a staleness or misregistration defect. Continued withholding recommended; no forced match.",,
678,random,https://www.draftguru.com.au/players/angus_anderson/1,Angus Anderson,https://afltables.com/afl/stats/players/A/Angus_Anderson.html,target_unregistered,3_target_unregistered,Angus Anderson (title says born 2003); games=16 goals=18 (Aug-2026 capture); draft rows: 2025 National pick 57 Collingwood,NOT REGISTERED on afldb_test (no retained snapshot rows for this identity),withhold,"No retained evidence exists at all for this identity (absent from the accepted snapshot's 13,275-URL set through season 2025). Earliest DraftGuru draft year 2025 is consistent with the measured finding (§10.3) that all 101 target_not_registered paths in the full child are simply not yet in the accepted historical baseline, not a staleness or misregistration defect. Continued withholding recommended; no forced match.",,
711,random,https://www.draftguru.com.au/players/josh_lai/1,Josh Lai,https://afltables.com/afl/stats/players/J/Josh_Lai.html,target_unregistered,3_target_unregistered,Josh Lai (title says born 2005); games=19 goals=0 (Aug-2026 capture); draft rows: 2024 Post-Draft pick None Port Adelaide,NOT REGISTERED on afldb_test (no retained snapshot rows for this identity),withhold,"No retained evidence exists at all for this identity (absent from the accepted snapshot's 13,275-URL set through season 2025). Earliest DraftGuru draft year 2024 is consistent with the measured finding (§10.3) that all 101 target_not_registered paths in the full child are simply not yet in the accepted historical baseline, not a staleness or misregistration defect. Continued withholding recommended; no forced match.",,
714,random,https://www.draftguru.com.au/players/mitch_edwards/1,Mitch Edwards,https://afltables.com/afl/stats/players/M/Mitchell_Edwards.html,target_unregistered,3_target_unregistered,Mitch Edwards (title says born 2005); games=18 goals=3 (Aug-2026 capture); draft rows: 2023 National pick 32 Geelong,NOT REGISTERED on afldb_test (no retained snapshot rows for this identity),withhold,"No retained evidence exists at all for this identity (absent from the accepted snapshot's 13,275-URL set through season 2025). Earliest DraftGuru draft year 2023 is consistent with the measured finding (§10.3) that all 101 target_not_registered paths in the full child are simply not yet in the accepted historical baseline, not a staleness or misregistration defect. Continued withholding recommended; no forced match.",,
724,random,https://www.draftguru.com.au/players/mitch_podhajski/1,Mitch Podhajski,https://afltables.com/afl/stats/players/M/Mitch_Podhajski.html,target_unregistered,3_target_unregistered,Mitch Podhajski (title says born 1999); games=2 goals=1 (Aug-2026 capture); draft rows: 2025 Mid-Season pick 18 Collingwood,NOT REGISTERED on afldb_test (no retained snapshot rows for this identity),withhold,"No retained evidence exists at all for this identity (absent from the accepted snapshot's 13,275-URL set through season 2025). Earliest DraftGuru draft year 2025 is consistent with the measured finding (§10.3) that all 101 target_not_registered paths in the full child are simply not yet in the accepted historical baseline, not a staleness or misregistration defect. Continued withholding recommended; no forced match.",,
846,random,https://www.draftguru.com.au/players/noah_mraz/1,Noah Mraz,https://afltables.com/afl/stats/players/N/Noah_Mraz.html,target_unregistered,3_target_unregistered,Noah Mraz (title says born 2006); games=4 goals=1 (Aug-2026 capture); draft rows: 2024 National pick 35 Hawthorn,NOT REGISTERED on afldb_test (no retained snapshot rows for this identity),withhold,"No retained evidence exists at all for this identity (absent from the accepted snapshot's 13,275-URL set through season 2025). Earliest DraftGuru draft year 2024 is consistent with the measured finding (§10.3) that all 101 target_not_registered paths in the full child are simply not yet in the accepted historical baseline, not a staleness or misregistration defect. Continued withholding recommended; no forced match.",,
857,random,https://www.draftguru.com.au/players/noah_howes/1,Noah Howes,https://afltables.com/afl/stats/players/N/Noah_Howes.html,target_unregistered,3_target_unregistered,Noah Howes (title says born 2005); games=2 goals=0 (Aug-2026 capture); draft rows: 2024 Mid-Season pick 15 Collingwood,NOT REGISTERED on afldb_test (no retained snapshot rows for this identity),withhold,"No retained evidence exists at all for this identity (absent from the accepted snapshot's 13,275-URL set through season 2025). Earliest DraftGuru draft year 2024 is consistent with the measured finding (§10.3) that all 101 target_not_registered paths in the full child are simply not yet in the accepted historical baseline, not a staleness or misregistration defect. Continued withholding recommended; no forced match.",,
883,random,https://www.draftguru.com.au/players/sam_swadling/1,Sam Swadling,https://afltables.com/afl/stats/players/S/Sam_Swadling.html,target_unregistered,3_target_unregistered,Sam Swadling (title says born 2007); games=8 goals=6 (Aug-2026 capture); draft rows: 2025 National pick 37 Collingwood,NOT REGISTERED on afldb_test (no retained snapshot rows for this identity),withhold,"No retained evidence exists at all for this identity (absent from the accepted snapshot's 13,275-URL set through season 2025). Earliest DraftGuru draft year 2025 is consistent with the measured finding (§10.3) that all 101 target_not_registered paths in the full child are simply not yet in the accepted historical baseline, not a staleness or misregistration defect. Continued withholding recommended; no forced match.",,
934,random,https://www.draftguru.com.au/players/caleb_lewis/1,Caleb Lewis,https://afltables.com/afl/stats/players/C/Caleb_Lewis.html,target_unregistered,3_target_unregistered,Caleb Lewis (title says born 2003); games=2 goals=0 (Aug-2026 capture); draft rows: 2024 Mid-Season pick 14 Gold Coast,NOT REGISTERED on afldb_test (no retained snapshot rows for this identity),withhold,"No retained evidence exists at all for this identity (absent from the accepted snapshot's 13,275-URL set through season 2025). Earliest DraftGuru draft year 2024 is consistent with the measured finding (§10.3) that all 101 target_not_registered paths in the full child are simply not yet in the accepted historical baseline, not a staleness or misregistration defect. Continued withholding recommended; no forced match.",,
943,random,https://www.draftguru.com.au/players/zane_zakostelsky/1,Zane Zakostelsky,https://afltables.com/afl/stats/players/Z/Zane_Zakostelsky.html,target_unregistered,3_target_unregistered,Zane Zakostelsky (title says born 2005); games=3 goals=1 (Aug-2026 capture); draft rows: 2023 National pick 51 Brisbane,NOT REGISTERED on afldb_test (no retained snapshot rows for this identity),withhold,"No retained evidence exists at all for this identity (absent from the accepted snapshot's 13,275-URL set through season 2025). Earliest DraftGuru draft year 2023 is consistent with the measured finding (§10.3) that all 101 target_not_registered paths in the full child are simply not yet in the accepted historical baseline, not a staleness or misregistration defect. Continued withholding recommended; no forced match.",,
75,census,https://www.draftguru.com.au/players/chris_johnson/1,Chris Johnson,https://afltables.com/afl/stats/players/C/Chris_Johnson0.html,offline_strong,10_weak_or_suffix_or_continuity,Chris Johnson (title says born 1976); games=205 goals=105 (Aug-2026 capture); draft rows: 1993 National pick 7 Fitzroy; 1996 Pre-Draft pick None Brisbane,"Chris Johnson; birth_year=1976; games=264 goals=172; span 1994-2007; clubs=Brisbane Lions, Fitzroy",agree,"Reviewed the flagged corroboration gap (weak single-signal evidence, numeric-suffix identity, or continuity-rule path) directly against the retained facts; the corroborating signals present (birth year, games, club overlap as applicable) support the offline_strong classification. Confirm.",,
214,census,https://www.draftguru.com.au/players/josh_kennedy/1,Josh Kennedy,https://afltables.com/afl/stats/players/J/Josh_Kennedy0.html,offline_strong,10_weak_or_suffix_or_continuity,Josh Kennedy (title says born 1987); games=271 goals=712 (Aug-2026 capture); draft rows: 2005 National pick 4 Carlton; 2007 Trade pick None West Coast,"Josh Kennedy; birth_year=1987; games=293 goals=723; span 2006-2022; clubs=Carlton, West Coast",agree,"Reviewed the flagged corroboration gap (weak single-signal evidence, numeric-suffix identity, or continuity-rule path) directly against the retained facts; the corroborating signals present (birth year, games, club overlap as applicable) support the offline_strong classification. Confirm.",,
281,census,https://www.draftguru.com.au/players/michael_gardiner/2,Michael Gardiner,https://afltables.com/afl/stats/players/M/Michael_Gardiner0.html,offline_strong,10_weak_or_suffix_or_continuity,Michael Gardiner (title says born 1979); games=52 goals=23 (Aug-2026 capture); draft rows: 1996 National pick 1 West Coast; 2006 Trade pick None St Kilda,"Michael Gardiner; birth_year=1979; games=181 goals=110; span 1997-2011; clubs=St Kilda, West Coast",agree,"Reviewed the flagged corroboration gap (weak single-signal evidence, numeric-suffix identity, or continuity-rule path) directly against the retained facts; the corroborating signals present (birth year, games, club overlap as applicable) support the offline_strong classification. Confirm.",,
294,census,https://www.draftguru.com.au/players/nathan_brown/2,Nathan Brown,https://afltables.com/afl/stats/players/N/Nathan_Brown1.html,offline_strong,10_weak_or_suffix_or_continuity,Nathan Brown (title says born 1978); games=82 goals=143 (Aug-2026 capture); draft rows: 1996 National pick 10 Western Bulldogs; 2003 Trade pick None Richmond,"Nathan Brown; birth_year=1978; games=219 goals=349; span 1997-2009; clubs=Richmond, Western Bulldogs",agree,"Reviewed the flagged corroboration gap (weak single-signal evidence, numeric-suffix identity, or continuity-rule path) directly against the retained facts; the corroborating signals present (birth year, games, club overlap as applicable) support the offline_strong classification. Confirm.",,
295,census,https://www.draftguru.com.au/players/nathan_brown/3,Nathan Brown,https://afltables.com/afl/stats/players/N/Nathan_Brown2.html,offline_strong,10_weak_or_suffix_or_continuity,Nathan Brown (title says born 1988); games=53 goals=0 (Aug-2026 capture); draft rows: 2006 National pick 10 Collingwood; 2016 Free Agency pick None St Kilda,"Nathan Brown; birth_year=1989; games=183 goals=7; span 2008-2019; clubs=Collingwood, St Kilda",agree,"Reviewed the flagged corroboration gap (weak single-signal evidence, numeric-suffix identity, or continuity-rule path) directly against the retained facts; the corroborating signals present (birth year, games, club overlap as applicable) support the offline_strong classification. Confirm.",,
375,census,https://www.draftguru.com.au/players/tom_green/1,Tom Green,https://afltables.com/afl/stats/players/T/Tom_Green1.html,offline_strong,10_weak_or_suffix_or_continuity,Tom Green (title says born 2001); games=115 goals=49 (Aug-2026 capture); draft rows: 2019 National pick 10 GWS,Tom Green; birth_year=2001; games=115 goals=49; span 2020-2025; clubs=Greater Western Sydney,agree,"Reviewed the flagged corroboration gap (weak single-signal evidence, numeric-suffix identity, or continuity-rule path) directly against the retained facts; the corroborating signals present (birth year, games, club overlap as applicable) support the offline_strong classification. Confirm.",,
377,census,https://www.draftguru.com.au/players/tom_williams/2,Tom Williams,https://afltables.com/afl/stats/players/T/Tom_Williams1.html,offline_strong,10_weak_or_suffix_or_continuity,Tom Williams (title says born 1986); games=85 goals=14 (Aug-2026 capture); draft rows: 2004 National pick 6 Western Bulldogs,Tom Williams; birth_year=1986; games=85 goals=14; span 2007-2014; clubs=Western Bulldogs,agree,"Reviewed the flagged corroboration gap (weak single-signal evidence, numeric-suffix identity, or continuity-rule path) directly against the retained facts; the corroborating signals present (birth year, games, club overlap as applicable) support the offline_strong classification. Confirm.",,
415,random,https://www.draftguru.com.au/players/chris_waterson/2,Chris Waterson,https://afltables.com/afl/stats/players/C/Chris_Waterson0.html,offline_strong,10_weak_or_suffix_or_continuity,Chris Waterson (title says born 1969); games=13 goals=7 (Aug-2026 capture); draft rows: 1987 National pick 17 Fitzroy,Chris Waterson; birth_year=1970; games=13 goals=7; span 1990-1991; clubs=Fitzroy,agree,"Reviewed the flagged corroboration gap (weak single-signal evidence, numeric-suffix identity, or continuity-rule path) directly against the retained facts; the corroborating signals present (birth year, games, club overlap as applicable) support the offline_strong classification. Confirm.",,
420,random,https://www.draftguru.com.au/players/bailey_williams/1,Bailey Williams,https://afltables.com/afl/stats/players/B/Bailey_Williams0.html,offline_strong,10_weak_or_suffix_or_continuity,Bailey Williams (title says born 1997); games=191 goals=50 (Aug-2026 capture); draft rows: 2015 National pick 48 Western Bulldogs,Bailey Williams; birth_year=1997; games=174 goals=43; span 2016-2025; clubs=Western Bulldogs,agree,"Reviewed the flagged corroboration gap (weak single-signal evidence, numeric-suffix identity, or continuity-rule path) directly against the retained facts; the corroborating signals present (birth year, games, club overlap as applicable) support the offline_strong classification. Confirm.",,
439,random,https://www.draftguru.com.au/players/sam_butler/2,Sam Butler,https://afltables.com/afl/stats/players/S/Sam_Butler1.html,offline_strong,10_weak_or_suffix_or_continuity,Sam Butler (title says born 2003); games=33 goals=19 (Aug-2026 capture); draft rows: 2021 National pick 23 Hawthorn,Sam Butler; birth_year=2003; games=25 goals=15; span 2022-2025; clubs=Hawthorn,agree,"Reviewed the flagged corroboration gap (weak single-signal evidence, numeric-suffix identity, or continuity-rule path) directly against the retained facts; the corroborating signals present (birth year, games, club overlap as applicable) support the offline_strong classification. Confirm.",,
448,random,https://www.draftguru.com.au/players/danny_hughes/1,Danny Hughes,https://afltables.com/afl/stats/players/D/Danny_Hughes0.html,offline_strong,10_weak_or_suffix_or_continuity,Danny Hughes (title says born 1963); games=11 goals=1 (Aug-2026 capture); draft rows: 1981 National pick 13 Melbourne; 1990 Pre-Draft pick None Adelaide,"Danny Hughes; birth_year=1964; games=135 goals=24; span 1984-1991; clubs=Adelaide, Melbourne",agree,"Reviewed the flagged corroboration gap (weak single-signal evidence, numeric-suffix identity, or continuity-rule path) directly against the retained facts; the corroborating signals present (birth year, games, club overlap as applicable) support the offline_strong classification. Confirm.",,
466,random,https://www.draftguru.com.au/players/shane_bond/2,Shane Bond,https://afltables.com/afl/stats/players/S/Shane_Bond0.html,offline_strong,10_weak_or_suffix_or_continuity,Shane Bond (title says born 1975); games=57 goals=11 (Aug-2026 capture); draft rows: 1992 National pick 21 West Coast; 1996 Trade pick None Port Adelaide,"Shane Bond; birth_year=1975; games=91 goals=31; span 1994-2000; clubs=Port Adelaide, West Coast",agree,"Reviewed the flagged corroboration gap (weak single-signal evidence, numeric-suffix identity, or continuity-rule path) directly against the retained facts; the corroborating signals present (birth year, games, club overlap as applicable) support the offline_strong classification. Confirm.",,
470,random,https://www.draftguru.com.au/players/mark_majerczak/1,Mark Majerczak,https://afltables.com/afl/stats/players/M/Mark_Majerczak.html,offline_strong,10_weak_or_suffix_or_continuity,Mark Majerczak (title says born 1968); games=0 goals=0 (Aug-2026 capture); draft rows: 1991 Pre-Season pick 20 Western Bulldogs,Mark Majerczak; birth_year=1968; games=17 goals=20; span 1987-1991; clubs=Carlton,agree,"Reviewed the flagged corroboration gap (weak single-signal evidence, numeric-suffix identity, or continuity-rule path) directly against the retained facts; the corroborating signals present (birth year, games, club overlap as applicable) support the offline_strong classification. Confirm.",,
478,random,https://www.draftguru.com.au/players/john_fidge/1,John Fidge,https://afltables.com/afl/stats/players/J/John_Fidge.html,offline_strong,10_weak_or_suffix_or_continuity,John Fidge (title says born 1966); games=0 goals=0 (Aug-2026 capture); draft rows: 1989 Pre-Draft pick None Sydney; 1990 National pick 24 Essendon,"John Fidge; birth_year=1966; games=59 goals=92; span 1984-1989; clubs=Brisbane Bears, Melbourne",agree,"Reviewed the flagged corroboration gap (weak single-signal evidence, numeric-suffix identity, or continuity-rule path) directly against the retained facts; the corroborating signals present (birth year, games, club overlap as applicable) support the offline_strong classification. Confirm.",,
490,random,https://www.draftguru.com.au/players/david_clarke/2,David Clarke,https://afltables.com/afl/stats/players/D/David_Clarke1.html,offline_strong,10_weak_or_suffix_or_continuity,David Clarke (title says born 1980); games=12 goals=2 (Aug-2026 capture); draft rows: 1998 National pick 21 Geelong; 2003 Trade pick None Carlton,"David Clarke; birth_year=1980; games=101 goals=50; span 1999-2005; clubs=Carlton, Geelong",agree,"Reviewed the flagged corroboration gap (weak single-signal evidence, numeric-suffix identity, or continuity-rule path) directly against the retained facts; the corroborating signals present (birth year, games, club overlap as applicable) support the offline_strong classification. Confirm.",,
503,random,https://www.draftguru.com.au/players/jack_graham/3,Jack Graham,https://afltables.com/afl/stats/players/J/Jack_Graham2.html,offline_strong,10_weak_or_suffix_or_continuity,Jack Graham (title says born 1998); games=31 goals=6 (Aug-2026 capture); draft rows: 2016 National pick 53 Richmond; 2024 Free Agency pick None West Coast,"Jack Graham; birth_year=1998; games=149 goals=53; span 2017-2025; clubs=Richmond, West Coast",agree,"Reviewed the flagged corroboration gap (weak single-signal evidence, numeric-suffix identity, or continuity-rule path) directly against the retained facts; the corroborating signals present (birth year, games, club overlap as applicable) support the offline_strong classification. Confirm.",,
536,random,https://www.draftguru.com.au/players/michael_clark/1,Michael Clark,https://afltables.com/afl/stats/players/M/Michael_Clark1.html,offline_strong,10_weak_or_suffix_or_continuity,Michael Clark (title says born 1978); games=0 goals=0 (Aug-2026 capture); draft rows: 1995 Pre-Draft pick None Fremantle; 1999 National pick 88 Collingwood,Michael Clark; birth_year=1978; games=1 goals=0; span 1999-1999; clubs=Fremantle,agree,"Reviewed the flagged corroboration gap (weak single-signal evidence, numeric-suffix identity, or continuity-rule path) directly against the retained facts; the corroborating signals present (birth year, games, club overlap as applicable) support the offline_strong classification. Confirm.",,
538,random,https://www.draftguru.com.au/players/tom_murphy/2,Tom Murphy,https://afltables.com/afl/stats/players/T/Tom_Murphy1.html,offline_strong,10_weak_or_suffix_or_continuity,Tom Murphy (title says born 1998); games=9 goals=1 (Aug-2026 capture); draft rows: 2017 Rookie pick 4 North Melbourne,Tom Murphy; birth_year=1998; games=9 goals=1; span 2018-2020; clubs=North Melbourne,agree,"Reviewed the flagged corroboration gap (weak single-signal evidence, numeric-suffix identity, or continuity-rule path) directly against the retained facts; the corroborating signals present (birth year, games, club overlap as applicable) support the offline_strong classification. Confirm.",,
542,random,https://www.draftguru.com.au/players/archie_roberts/2,Archie Roberts,https://afltables.com/afl/stats/players/A/Archie_Roberts1.html,offline_strong,10_weak_or_suffix_or_continuity,Archie Roberts (title says born 2005); games=48 goals=5 (Aug-2026 capture); draft rows: 2023 National pick 54 Essendon,Archie Roberts; birth_year=2005; games=27 goals=3; span 2024-2025; clubs=Essendon,agree,"Reviewed the flagged corroboration gap (weak single-signal evidence, numeric-suffix identity, or continuity-rule path) directly against the retained facts; the corroborating signals present (birth year, games, club overlap as applicable) support the offline_strong classification. Confirm.",,
547,random,https://www.draftguru.com.au/players/mark_fraser/2,Mark Fraser,https://afltables.com/afl/stats/players/M/Mark_Fraser0.html,offline_strong,10_weak_or_suffix_or_continuity,Mark Fraser (title says born 1971); games=65 goals=26 (Aug-2026 capture); draft rows: 1994 Pre-Season pick 8 Essendon,"Mark Fraser; birth_year=1971; games=110 goals=49; span 1992-2000; clubs=Collingwood, Essendon",agree,"Reviewed the flagged corroboration gap (weak single-signal evidence, numeric-suffix identity, or continuity-rule path) directly against the retained facts; the corroborating signals present (birth year, games, club overlap as applicable) support the offline_strong classification. Confirm.",,
579,random,https://www.draftguru.com.au/players/robert_walker/1,Robert Walker,https://afltables.com/afl/stats/players/R/Robert_Walker.html,offline_strong,10_weak_or_suffix_or_continuity,Robert Walker (title says born 1970); games=0 goals=0 (Aug-2026 capture); draft rows: 1992 Pre-Season pick 14 Hawthorn,Robert Walker; birth_year=1970; games=5 goals=0; span 1990-1992; clubs=Richmond,agree,"Reviewed the flagged corroboration gap (weak single-signal evidence, numeric-suffix identity, or continuity-rule path) directly against the retained facts; the corroborating signals present (birth year, games, club overlap as applicable) support the offline_strong classification. Confirm.",,
592,random,https://www.draftguru.com.au/players/josh_kennedy/2,Josh Kennedy,https://afltables.com/afl/stats/players/J/Josh_Kennedy1.html,offline_strong,10_weak_or_suffix_or_continuity,Josh Kennedy (title says born 1988); games=277 goals=153 (Aug-2026 capture); draft rows: 2006 National pick 40 Hawthorn; 2009 Trade pick None Sydney,"Josh Kennedy; birth_year=1988; games=290 goals=157; span 2008-2022; clubs=Hawthorn, Sydney",agree,"Reviewed the flagged corroboration gap (weak single-signal evidence, numeric-suffix identity, or continuity-rule path) directly against the retained facts; the corroborating signals present (birth year, games, club overlap as applicable) support the offline_strong classification. Confirm.",,
600,random,https://www.draftguru.com.au/players/tom_campbell/2,Tom Campbell,https://afltables.com/afl/stats/players/T/Tom_Campbell1.html,offline_strong,10_weak_or_suffix_or_continuity,Tom Campbell (title says born 1991); games=0 goals=0 (Aug-2026 capture); draft rows: 2011 Rookie pick 27 Western Bulldogs; 2018 Post-Draft pick None North Melbourne; 2021 Free Agency pick None St Kilda; 2024 Free Agency pick None Melbourne,"Tom Campbell; birth_year=1991; games=58 goals=30; span 2012-2024; clubs=North Melbourne, St Kilda, Western Bulldogs",agree,"Reviewed the flagged corroboration gap (weak single-signal evidence, numeric-suffix identity, or continuity-rule path) directly against the retained facts; the corroborating signals present (birth year, games, club overlap as applicable) support the offline_strong classification. Confirm.",,
630,random,https://www.draftguru.com.au/players/brian_wilson/2,Brian Wilson,https://afltables.com/afl/stats/players/B/Brian_Wilson0.html,offline_strong,10_weak_or_suffix_or_continuity,Brian Wilson (title says born 1961); games=7 goals=16 (Aug-2026 capture); draft rows: 1990 National pick 72 St Kilda,"Brian Wilson; birth_year=1961; games=209 goals=246; span 1978-1991; clubs=Footscray, Melbourne, North Melbourne, St Kilda",agree,"Reviewed the flagged corroboration gap (weak single-signal evidence, numeric-suffix identity, or continuity-rule path) directly against the retained facts; the corroborating signals present (birth year, games, club overlap as applicable) support the offline_strong classification. Confirm.",,
657,random,https://www.draftguru.com.au/players/jack_carroll/2,Jack Carroll,https://afltables.com/afl/stats/players/J/Jack_Carroll1.html,offline_strong,10_weak_or_suffix_or_continuity,Jack Carroll (title says born 2002); games=15 goals=0 (Aug-2026 capture); draft rows: 2020 National pick 41 Carlton; 2024 Free Agency pick None St Kilda,"Jack Carroll; birth_year=2002; games=24 goals=5; span 2022-2025; clubs=Carlton, St Kilda",agree,"Reviewed the flagged corroboration gap (weak single-signal evidence, numeric-suffix identity, or continuity-rule path) directly against the retained facts; the corroborating signals present (birth year, games, club overlap as applicable) support the offline_strong classification. Confirm.",,
662,random,https://www.draftguru.com.au/players/tony_elshaug/1,Tony Elshaug,https://afltables.com/afl/stats/players/T/Tony_Elshaug.html,offline_strong,10_weak_or_suffix_or_continuity,Tony Elshaug (title says born 1960); games=0 goals=0 (Aug-2026 capture); draft rows: 1988 Pre-Season pick 29 St Kilda,"Tony Elshaug; birth_year=1960; games=137 goals=171; span 1979-1988; clubs=Collingwood, Essendon, Melbourne",agree,"Reviewed the flagged corroboration gap (weak single-signal evidence, numeric-suffix identity, or continuity-rule path) directly against the retained facts; the corroborating signals present (birth year, games, club overlap as applicable) support the offline_strong classification. Confirm.",,
676,random,https://www.draftguru.com.au/players/eddie_ford/2,Eddie Ford,https://afltables.com/afl/stats/players/E/Eddie_Ford1.html,offline_strong,10_weak_or_suffix_or_continuity,Eddie Ford (title says born 2002); games=40 goals=31 (Aug-2026 capture); draft rows: 2020 National pick 56 North Melbourne,Eddie Ford; birth_year=2002; games=40 goals=31; span 2021-2024; clubs=North Melbourne,agree,"Reviewed the flagged corroboration gap (weak single-signal evidence, numeric-suffix identity, or continuity-rule path) directly against the retained facts; the corroborating signals present (birth year, games, club overlap as applicable) support the offline_strong classification. Confirm.",,
748,random,https://www.draftguru.com.au/players/nathan_brown/1,Nathan Brown,https://afltables.com/afl/stats/players/N/Nathan_Brown0.html,offline_strong,10_weak_or_suffix_or_continuity,Nathan Brown (title says born 1976); games=146 goals=36 (Aug-2026 capture); draft rows: 1997 National pick 66 Melbourne,Nathan Brown; birth_year=1976; games=146 goals=36; span 1998-2007; clubs=Melbourne,agree,"Reviewed the flagged corroboration gap (weak single-signal evidence, numeric-suffix identity, or continuity-rule path) directly against the retained facts; the corroborating signals present (birth year, games, club overlap as applicable) support the offline_strong classification. Confirm.",,
781,random,https://www.draftguru.com.au/players/tom_gilligan/2,Tom Gilligan,https://afltables.com/afl/stats/players/T/Tom_Gilligan0.html,offline_strong,10_weak_or_suffix_or_continuity,Tom Gilligan (title says born 1978); games=3 goals=1 (Aug-2026 capture); draft rows: 1996 National pick 13 Adelaide,Tom Gilligan; birth_year=1979; games=3 goals=1; span 1997-1997; clubs=Adelaide,agree,"Reviewed the flagged corroboration gap (weak single-signal evidence, numeric-suffix identity, or continuity-rule path) directly against the retained facts; the corroborating signals present (birth year, games, club overlap as applicable) support the offline_strong classification. Confirm.",,
789,random,https://www.draftguru.com.au/players/callum_brown/2,Callum Brown,https://afltables.com/afl/stats/players/C/Callum_Brown1.html,offline_strong,10_weak_or_suffix_or_continuity,Callum Brown (title says born 2000); games=82 goals=89 (Aug-2026 capture); draft rows: 2018 Pre-Draft pick None GWS,Callum Brown; birth_year=2000; games=64 goals=67; span 2021-2025; clubs=Greater Western Sydney,agree,"Reviewed the flagged corroboration gap (weak single-signal evidence, numeric-suffix identity, or continuity-rule path) directly against the retained facts; the corroborating signals present (birth year, games, club overlap as applicable) support the offline_strong classification. Confirm.",,
864,random,https://www.draftguru.com.au/players/tom_lynch/1,Tom Lynch,https://afltables.com/afl/stats/players/T/Tom_Lynch0.html,offline_strong,10_weak_or_suffix_or_continuity,Tom Lynch (title says born 1990); games=0 goals=0 (Aug-2026 capture); draft rows: 2008 National pick 13 St Kilda; 2011 Trade pick None Adelaide; 2021 Post-Draft pick None North Melbourne,"Tom Lynch; birth_year=1990; games=164 goals=203; span 2010-2021; clubs=Adelaide, St Kilda",agree,"Reviewed the flagged corroboration gap (weak single-signal evidence, numeric-suffix identity, or continuity-rule path) directly against the retained facts; the corroborating signals present (birth year, games, club overlap as applicable) support the offline_strong classification. Confirm.",,
912,random,https://www.draftguru.com.au/players/david_king/1,David King,https://afltables.com/afl/stats/players/D/David_King0.html,offline_strong,10_weak_or_suffix_or_continuity,David King (title says born 1972); games=241 goals=145 (Aug-2026 capture); draft rows: 1993 National pick 46 North Melbourne,"David King; birth_year=1972; games=241 goals=145; span 1994-2004; clubs=Kangaroos, North Melbourne",agree,"Reviewed the flagged corroboration gap (weak single-signal evidence, numeric-suffix identity, or continuity-rule path) directly against the retained facts; the corroborating signals present (birth year, games, club overlap as applicable) support the offline_strong classification. Confirm.",,
936,random,https://www.draftguru.com.au/players/jack_ross/3,Jack Ross,https://afltables.com/afl/stats/players/J/Jack_Ross3.html,offline_strong,10_weak_or_suffix_or_continuity,Jack Ross (title says born 2000); games=112 goals=25 (Aug-2026 capture); draft rows: 2018 National pick 43 Richmond,Jack Ross; birth_year=2000; games=93 goals=19; span 2019-2025; clubs=Richmond,agree,"Reviewed the flagged corroboration gap (weak single-signal evidence, numeric-suffix identity, or continuity-rule path) directly against the retained facts; the corroborating signals present (birth year, games, club overlap as applicable) support the offline_strong classification. Confirm.",,
938,random,https://www.draftguru.com.au/players/scott_thompson/3,Scott Thompson,https://afltables.com/afl/stats/players/S/Scott_Thompson1.html,offline_strong,10_weak_or_suffix_or_continuity,Scott Thompson (title says born 1986); games=241 goals=7 (Aug-2026 capture); draft rows: 2007 National pick 37 North Melbourne,Scott Thompson; birth_year=1986; games=241 goals=7; span 2008-2019; clubs=North Melbourne,agree,"Reviewed the flagged corroboration gap (weak single-signal evidence, numeric-suffix identity, or continuity-rule path) directly against the retained facts; the corroborating signals present (birth year, games, club overlap as applicable) support the offline_strong classification. Confirm.",,
970,random,https://www.draftguru.com.au/players/chad_morrison/1,Chad Morrison,https://afltables.com/afl/stats/players/C/Chad_Morrison.html,offline_strong,11_deterministic_audit,Chad Morrison (title says born 1978); games=21 goals=1 (Aug-2026 capture); draft rows: 1994 Pre-Draft pick None West Coast; 2004 Trade pick None Collingwood,"Chad Morrison; birth_year=1978; games=169 goals=88; span 1996-2006; clubs=Collingwood, West Coast",agree,"Independently recomputed from the retained evidence in this recheck (not merely trusting the machine verdict): birth-year, games/debut and club signals all corroborate correctly; confirms the offline_strong classification. Part of the 30-row deterministic clean-agreement audit.",,
827,random,https://www.draftguru.com.au/players/ben_speight/1,Ben Speight,https://afltables.com/afl/stats/players/B/Ben_Speight.html,offline_strong,11_deterministic_audit,Ben Speight (title says born 1990); games=10 goals=7 (Aug-2026 capture); draft rows: 2008 Rookie pick 40 North Melbourne,Ben Speight; birth_year=1990; games=10 goals=7; span 2010-2011; clubs=North Melbourne,agree,"Independently recomputed from the retained evidence in this recheck (not merely trusting the machine verdict): birth-year, games/debut and club signals all corroborate correctly; confirms the offline_strong classification. Part of the 30-row deterministic clean-agreement audit.",,
270,census,https://www.draftguru.com.au/players/matt_clape/1,Matt Clape,https://afltables.com/afl/stats/players/M/Matt_Clape.html,offline_strong,11_deterministic_audit,Matt Clape (title says born 1969); games=58 goals=48 (Aug-2026 capture); draft rows: 1990 National pick 9 West Coast; 1994 Pre-Season pick 13 Carlton,"Matt Clape; birth_year=1969; games=87 goals=62; span 1992-1998; clubs=Carlton, West Coast",agree,"Independently recomputed from the retained evidence in this recheck (not merely trusting the machine verdict): birth-year, games/debut and club signals all corroborate correctly; confirms the offline_strong classification. Part of the 30-row deterministic clean-agreement audit.",,
179,census,https://www.draftguru.com.au/players/jarrad_mcveigh/1,Jarrad McVeigh,https://afltables.com/afl/stats/players/J/Jarrad_McVeigh.html,offline_strong,11_deterministic_audit,Jarrad McVeigh (title says born 1985); games=325 goals=201 (Aug-2026 capture); draft rows: 2002 National pick 5 Sydney,Jarrad McVeigh; birth_year=1985; games=325 goals=201; span 2004-2019; clubs=Sydney,agree,"Independently recomputed from the retained evidence in this recheck (not merely trusting the machine verdict): birth-year, games/debut and club signals all corroborate correctly; confirms the offline_strong classification. Part of the 30-row deterministic clean-agreement audit.",,
171,census,https://www.draftguru.com.au/players/jamarra_ugle-hagan/1,Jamarra Ugle-Hagan,https://afltables.com/afl/stats/players/J/Jamarra_Ugle-Hagan.html,offline_strong,11_deterministic_audit,Jamarra Ugle-Hagan (title says born 2002); games=3 goals=4 (Aug-2026 capture); draft rows: 2020 National pick 1 Western Bulldogs; 2025 Trade pick None Gold Coast,Jamarra Ugle-Hagan; birth_year=2002; games=67 goals=103; span 2021-2024; clubs=Western Bulldogs,agree,"Independently recomputed from the retained evidence in this recheck (not merely trusting the machine verdict): birth-year, games/debut and club signals all corroborate correctly; confirms the offline_strong classification. Part of the 30-row deterministic clean-agreement audit.",,
361,census,https://www.draftguru.com.au/players/stephen_coniglio/1,Stephen Coniglio,https://afltables.com/afl/stats/players/S/Stephen_Coniglio.html,offline_strong,11_deterministic_audit,Stephen Coniglio (title says born 1993); games=248 goals=137 (Aug-2026 capture); draft rows: 2011 National pick 2 GWS,Stephen Coniglio; birth_year=1993; games=227 goals=124; span 2012-2025; clubs=Greater Western Sydney,agree,"Independently recomputed from the retained evidence in this recheck (not merely trusting the machine verdict): birth-year, games/debut and club signals all corroborate correctly; confirms the offline_strong classification. Part of the 30-row deterministic clean-agreement audit.",,
792,random,https://www.draftguru.com.au/players/sean_denham/1,Sean Denham,https://afltables.com/afl/stats/players/S/Sean_Denham.html,offline_strong,11_deterministic_audit,Sean Denham (title says born 1969); games=142 goals=44 (Aug-2026 capture); draft rows: 1991 Trade pick None Essendon,"Sean Denham; birth_year=1969; games=186 goals=65; span 1987-2000; clubs=Essendon, Geelong",agree,"Independently recomputed from the retained evidence in this recheck (not merely trusting the machine verdict): birth-year, games/debut and club signals all corroborate correctly; confirms the offline_strong classification. Part of the 30-row deterministic clean-agreement audit.",,
397,census,https://www.draftguru.com.au/players/zach_reid/1,Zach Reid,https://afltables.com/afl/stats/players/Z/Zach_Reid.html,offline_strong,11_deterministic_audit,Zach Reid (title says born 2002); games=42 goals=1 (Aug-2026 capture); draft rows: 2020 National pick 10 Essendon,Zach Reid; birth_year=2002; games=19 goals=0; span 2021-2025; clubs=Essendon,agree,"Independently recomputed from the retained evidence in this recheck (not merely trusting the machine verdict): birth-year, games/debut and club signals all corroborate correctly; confirms the offline_strong classification. Part of the 30-row deterministic clean-agreement audit.",,
566,random,https://www.draftguru.com.au/players/nick_mitchell/1,Nick Mitchell,https://afltables.com/afl/stats/players/N/Nick_Mitchell.html,offline_strong,11_deterministic_audit,Nick Mitchell (title says born 1973); games=9 goals=2 (Aug-2026 capture); draft rows: 1992 Pre-Season pick 65 Fitzroy,Nick Mitchell; birth_year=1973; games=9 goals=2; span 1994-1995; clubs=Fitzroy,agree,"Independently recomputed from the retained evidence in this recheck (not merely trusting the machine verdict): birth-year, games/debut and club signals all corroborate correctly; confirms the offline_strong classification. Part of the 30-row deterministic clean-agreement audit.",,
544,random,https://www.draftguru.com.au/players/cameron_venables/1,Cameron Venables,https://afltables.com/afl/stats/players/C/Cameron_Venables.html,offline_strong,11_deterministic_audit,Cameron Venables (title says born 1975); games=3 goals=0 (Aug-2026 capture); draft rows: 1996 Rookie pick 4 Fremantle; 1998 Pre-Season pick 13 Collingwood,Cameron Venables; birth_year=1976; games=3 goals=0; span 1999-1999; clubs=Collingwood,agree,"Independently recomputed from the retained evidence in this recheck (not merely trusting the machine verdict): birth-year, games/debut and club signals all corroborate correctly; confirms the offline_strong classification. Part of the 30-row deterministic clean-agreement audit.",,
170,census,https://www.draftguru.com.au/players/jake_stringer/1,Jake Stringer,https://afltables.com/afl/stats/players/J/Jake_Stringer.html,offline_strong,11_deterministic_audit,Jake Stringer (title says born 1994); games=38 goals=73 (Aug-2026 capture); draft rows: 2012 National pick 5 Western Bulldogs; 2017 Trade pick None Essendon; 2024 Trade pick None GWS,"Jake Stringer; birth_year=1994; games=227 goals=392; span 2013-2025; clubs=Essendon, Greater Western Sydney, Western Bulldogs",agree,"Independently recomputed from the retained evidence in this recheck (not merely trusting the machine verdict): birth-year, games/debut and club signals all corroborate correctly; confirms the offline_strong classification. Part of the 30-row deterministic clean-agreement audit.",,
903,random,https://www.draftguru.com.au/players/bryce_retzlaff/1,Bryce Retzlaff,https://afltables.com/afl/stats/players/B/Bryce_Retzlaff.html,offline_strong,11_deterministic_audit,Bryce Retzlaff (title says born 1991); games=11 goals=6 (Aug-2026 capture); draft rows: 2009 National pick 84 Brisbane,Bryce Retzlaff; birth_year=1991; games=11 goals=6; span 2011-2011; clubs=Brisbane Lions,agree,"Independently recomputed from the retained evidence in this recheck (not merely trusting the machine verdict): birth-year, games/debut and club signals all corroborate correctly; confirms the offline_strong classification. Part of the 30-row deterministic clean-agreement audit.",,
228,census,https://www.draftguru.com.au/players/ken_judge/1,Ken Judge,https://afltables.com/afl/stats/players/K/Ken_Judge.html,offline_strong,11_deterministic_audit,Ken Judge (title says born 1958); games=89 goals=176 (Aug-2026 capture); draft rows: 1981 National pick 7 Hawthorn,"Ken Judge; birth_year=1958; games=89 goals=176; span 1983-1988; clubs=Brisbane Bears, Hawthorn",agree,"Independently recomputed from the retained evidence in this recheck (not merely trusting the machine verdict): birth-year, games/debut and club signals all corroborate correctly; confirms the offline_strong classification. Part of the 30-row deterministic clean-agreement audit.",,
117,census,https://www.draftguru.com.au/players/dean_turner/1,Dean Turner,https://afltables.com/afl/stats/players/D/Dean_Turner.html,offline_strong,11_deterministic_audit,Dean Turner (title says born 1959); games=110 goals=47 (Aug-2026 capture); draft rows: 1981 National pick 9 Fitzroy,"Dean Turner; birth_year=1960; games=110 goals=47; span 1984-1990; clubs=Fitzroy, West Coast",agree,"Independently recomputed from the retained evidence in this recheck (not merely trusting the machine verdict): birth-year, games/debut and club signals all corroborate correctly; confirms the offline_strong classification. Part of the 30-row deterministic clean-agreement audit.",,
668,random,https://www.draftguru.com.au/players/jesse_dattoli/1,Jesse Dattoli,https://afltables.com/afl/stats/players/J/Jesse_Dattoli.html,offline_strong,11_deterministic_audit,Jesse Dattoli (title says born 2006); games=6 goals=4 (Aug-2026 capture); draft rows: 2024 National pick 22 Sydney,Jesse Dattoli; birth_year=2006; games=3 goals=0; span 2025-2025; clubs=Sydney,agree,"Independently recomputed from the retained evidence in this recheck (not merely trusting the machine verdict): birth-year, games/debut and club signals all corroborate correctly; confirms the offline_strong classification. Part of the 30-row deterministic clean-agreement audit.",,
188,census,https://www.draftguru.com.au/players/jeff_white/1,Jeff White,https://afltables.com/afl/stats/players/J/Jeff_White.html,offline_strong,11_deterministic_audit,Jeff White (title says born 1977); games=236 goals=95 (Aug-2026 capture); draft rows: 1994 National pick 1 Fremantle; 1997 Trade pick None Melbourne,"Jeff White; birth_year=1977; games=268 goals=113; span 1995-2008; clubs=Fremantle, Melbourne",agree,"Independently recomputed from the retained evidence in this recheck (not merely trusting the machine verdict): birth-year, games/debut and club signals all corroborate correctly; confirms the offline_strong classification. Part of the 30-row deterministic clean-agreement audit.",,
274,census,https://www.draftguru.com.au/players/matthew_kreuzer/1,Matthew Kreuzer,https://afltables.com/afl/stats/players/M/Matthew_Kreuzer.html,offline_strong,11_deterministic_audit,Matthew Kreuzer (title says born 1989); games=189 goals=94 (Aug-2026 capture); draft rows: 2007 National pick 1 Carlton,Matthew Kreuzer; birth_year=1989; games=189 goals=94; span 2008-2020; clubs=Carlton,agree,"Independently recomputed from the retained evidence in this recheck (not merely trusting the machine verdict): birth-year, games/debut and club signals all corroborate correctly; confirms the offline_strong classification. Part of the 30-row deterministic clean-agreement audit.",,
314,census,https://www.draftguru.com.au/players/paddy_ryder/1,Paddy Ryder,https://afltables.com/afl/stats/players/P/Paddy_Ryder.html,offline_strong,11_deterministic_audit,Paddy Ryder (title says born 1988); games=38 goals=26 (Aug-2026 capture); draft rows: 2005 National pick 7 Essendon; 2014 Trade pick None Port Adelaide; 2019 Trade pick None St Kilda,"Paddy Ryder; birth_year=1988; games=281 goals=197; span 2006-2022; clubs=Essendon, Port Adelaide, St Kilda",agree,"Independently recomputed from the retained evidence in this recheck (not merely trusting the machine verdict): birth-year, games/debut and club signals all corroborate correctly; confirms the offline_strong classification. Part of the 30-row deterministic clean-agreement audit.",,
971,random,https://www.draftguru.com.au/players/ty_zantuck/1,Ty Zantuck,https://afltables.com/afl/stats/players/T/Ty_Zantuck.html,offline_strong,11_deterministic_audit,Ty Zantuck (title says born 1982); games=9 goals=0 (Aug-2026 capture); draft rows: 1999 National pick 78 Richmond; 2004 Pre-Season pick 6 Essendon,"Ty Zantuck; birth_year=1982; games=77 goals=20; span 2000-2005; clubs=Essendon, Richmond",agree,"Independently recomputed from the retained evidence in this recheck (not merely trusting the machine verdict): birth-year, games/debut and club signals all corroborate correctly; confirms the offline_strong classification. Part of the 30-row deterministic clean-agreement audit.",,
114,census,https://www.draftguru.com.au/players/david_ogg/1,David Ogg,https://afltables.com/afl/stats/players/D/David_Ogg.html,offline_strong,11_deterministic_audit,David Ogg (title says born 1967); games=0 goals=0 (Aug-2026 capture); draft rows: 1990 National pick 10 Brisbane; 1991 Pre-Season pick 27 West Coast,David Ogg; birth_year=1968; games=9 goals=3; span 1991-1991; clubs=Brisbane Bears,agree,"Independently recomputed from the retained evidence in this recheck (not merely trusting the machine verdict): birth-year, games/debut and club signals all corroborate correctly; confirms the offline_strong classification. Part of the 30-row deterministic clean-agreement audit.",,
387,census,https://www.draftguru.com.au/players/wayne_hernaman/1,Wayne Hernaman,https://afltables.com/afl/stats/players/W/Wayne_Hernaman.html,offline_strong,11_deterministic_audit,Wayne Hernaman (title says born 1972); games=20 goals=9 (Aug-2026 capture); draft rows: 1992 National pick 7 Richmond,Wayne Hernaman; birth_year=1972; games=20 goals=9; span 1993-1994; clubs=Richmond,agree,"Independently recomputed from the retained evidence in this recheck (not merely trusting the machine verdict): birth-year, games/debut and club signals all corroborate correctly; confirms the offline_strong classification. Part of the 30-row deterministic clean-agreement audit.",,
321,census,https://www.draftguru.com.au/players/peter_matera/1,Peter Matera,https://afltables.com/afl/stats/players/P/Peter_Matera.html,offline_strong,11_deterministic_audit,Peter Matera (title says born 1969); games=253 goals=217 (Aug-2026 capture); draft rows: 1989 National pick 4 West Coast,Peter Matera; birth_year=1969; games=253 goals=217; span 1990-2002; clubs=West Coast,agree,"Independently recomputed from the retained evidence in this recheck (not merely trusting the machine verdict): birth-year, games/debut and club signals all corroborate correctly; confirms the offline_strong classification. Part of the 30-row deterministic clean-agreement audit.",,
506,random,https://www.draftguru.com.au/players/will_schofield/1,Will Schofield,https://afltables.com/afl/stats/players/W/Will_Schofield.html,offline_strong,11_deterministic_audit,Will Schofield (title says born 1989); games=194 goals=22 (Aug-2026 capture); draft rows: 2006 National pick 50 West Coast,Will Schofield; birth_year=1988; games=194 goals=22; span 2007-2020; clubs=West Coast,agree,"Independently recomputed from the retained evidence in this recheck (not merely trusting the machine verdict): birth-year, games/debut and club signals all corroborate correctly; confirms the offline_strong classification. Part of the 30-row deterministic clean-agreement audit.",,
25,census,https://www.draftguru.com.au/players/andrew_purser/1,Andrew Purser,https://afltables.com/afl/stats/players/A/Andrew_Purser.html,offline_strong,11_deterministic_audit,Andrew Purser (title says born 1958); games=112 goals=16 (Aug-2026 capture); draft rows: 1982 National pick 1 Western Bulldogs,Andrew Purser; birth_year=1959; games=112 goals=16; span 1983-1987; clubs=Footscray,agree,"Independently recomputed from the retained evidence in this recheck (not merely trusting the machine verdict): birth-year, games/debut and club signals all corroborate correctly; confirms the offline_strong classification. Part of the 30-row deterministic clean-agreement audit.",,
99,census,https://www.draftguru.com.au/players/daniel_healy/1,Daniel Healy,https://afltables.com/afl/stats/players/D/Daniel_Healy.html,offline_strong,11_deterministic_audit,Daniel Healy (title says born 1974); games=38 goals=24 (Aug-2026 capture); draft rows: 1995 National pick 6 St Kilda,Daniel Healy; birth_year=1974; games=38 goals=24; span 1996-1999; clubs=St Kilda,agree,"Independently recomputed from the retained evidence in this recheck (not merely trusting the machine verdict): birth-year, games/debut and club signals all corroborate correctly; confirms the offline_strong classification. Part of the 30-row deterministic clean-agreement audit.",,
865,random,https://www.draftguru.com.au/players/will_hams/1,Will Hams,https://afltables.com/afl/stats/players/W/Will_Hams.html,offline_strong,11_deterministic_audit,Will Hams (title says born 1994); games=13 goals=4 (Aug-2026 capture); draft rows: 2012 Pre-Season pick 6 Essendon,Will Hams; birth_year=1994; games=13 goals=4; span 2013-2016; clubs=Essendon,agree,"Independently recomputed from the retained evidence in this recheck (not merely trusting the machine verdict): birth-year, games/debut and club signals all corroborate correctly; confirms the offline_strong classification. Part of the 30-row deterministic clean-agreement audit.",,
453,random,https://www.draftguru.com.au/players/darren_baxter/1,Darren Baxter,https://afltables.com/afl/stats/players/D/Darren_Baxter.html,offline_strong,11_deterministic_audit,Darren Baxter (title says born 1965); games=27 goals=2 (Aug-2026 capture); draft rows: 1992 Trade pick None Hawthorn,"Darren Baxter; birth_year=1965; games=156 goals=30; span 1984-1994; clubs=Footscray, Hawthorn",agree,"Independently recomputed from the retained evidence in this recheck (not merely trusting the machine verdict): birth-year, games/debut and club signals all corroborate correctly; confirms the offline_strong classification. Part of the 30-row deterministic clean-agreement audit.",,
522,random,https://www.draftguru.com.au/players/josh_wooden/1,Josh Wooden,https://afltables.com/afl/stats/players/J/Josh_Wooden.html,offline_strong,11_deterministic_audit,Josh Wooden (title says born 1978); games=96 goals=18 (Aug-2026 capture); draft rows: 1996 National pick 24 West Coast,Josh Wooden; birth_year=1979; games=96 goals=18; span 1997-2006; clubs=West Coast,agree,"Independently recomputed from the retained evidence in this recheck (not merely trusting the machine verdict): birth-year, games/debut and club signals all corroborate correctly; confirms the offline_strong classification. Part of the 30-row deterministic clean-agreement audit.",,
404,random,https://www.draftguru.com.au/players/darcy_tucker/1,Darcy Tucker,https://afltables.com/afl/stats/players/D/Darcy_Tucker.html,offline_strong,11_deterministic_audit,Darcy Tucker (title says born 1997); games=48 goals=9 (Aug-2026 capture); draft rows: 2015 National pick 27 Fremantle; 2022 Trade pick None North Melbourne,"Darcy Tucker; birth_year=1997; games=156 goals=44; span 2016-2025; clubs=Fremantle, North Melbourne",agree,"Independently recomputed from the retained evidence in this recheck (not merely trusting the machine verdict): birth-year, games/debut and club signals all corroborate correctly; confirms the offline_strong classification. Part of the 30-row deterministic clean-agreement audit.",,
370,census,https://www.draftguru.com.au/players/tim_taranto/1,Tim Taranto,https://afltables.com/afl/stats/players/T/Tim_Taranto.html,offline_strong,11_deterministic_audit,Tim Taranto (title says born 1998); games=80 goals=55 (Aug-2026 capture); draft rows: 2016 National pick 2 GWS; 2022 Trade pick None Richmond,"Tim Taranto; birth_year=1998; games=173 goals=88; span 2017-2025; clubs=Greater Western Sydney, Richmond",agree,"Independently recomputed from the retained evidence in this recheck (not merely trusting the machine verdict): birth-year, games/debut and club signals all corroborate correctly; confirms the offline_strong classification. Part of the 30-row deterministic clean-agreement audit.",,
