coach_path,display_name,born_raw,player_href,profile_path,games_coached,raw_sha256
coaches/Mick_Malthouse.html,Mick Malthouse,17-Aug-1953,../players/M/Mick_Malthouse.html,players/M/Mick_Malthouse.html,718,4fc70adf721f02e21585efb4b83e5c27d4bebdb0f115d8756eaf42ce0ae1239a
coaches/Jock_McHale.html,Jock McHale,12-Dec-1882,../players/J/Jock_McHale.html,players/J/Jock_McHale.html,713,70d813b5c4429c5b09e2727a49d76adb1003f689bfbd8e465807c7d5b455e36d
coaches/Kevin_Sheedy.html,Kevin Sheedy,24-Dec-1947,../players/K/Kevin_Sheedy.html,players/K/Kevin_Sheedy.html,678,9900fe07c9cb114f23d5c836c2a7920d05c91c015d21c7f5d62220ebd4dd6629
coaches/Allan_Jeans.html,Allan Jeans,21-Sep-1933,../players/A/Allan_Jeans.html,players/A/Allan_Jeans.html,576,184b490d870e420aead4739c95b78249ae5b48a31bea063e6a074939438b49c3
coaches/Tom_Hafey.html,Tom Hafey,5-Aug-1931,../players/T/Tom_Hafey.html,players/T/Tom_Hafey.html,522,935623964d48a5abf0f6737118251cb87c9cba5998c280dfc31163c15574d1a9
coaches/David_Parkin.html,David Parkin,12-Sep-1942,../players/D/David_Parkin.html,players/D/David_Parkin.html,518,dc3eade583cc811ba7a4bb0180d2e888416730e962a7c9916192380c237f7bbb
coaches/Ron_Barassi0.html,Ron Barassi,27-Feb-1936,../players/R/Ron_Barassi0.html,players/R/Ron_Barassi0.html,515,420d028423f6914cc18a764e8f925560a9e35fe7e27d0a6a6be6ef6b1420ec78
coaches/Alastair_Clarkson.html,Alastair Clarkson,27-Apr-1968,../players/A/Alastair_Clarkson.html,players/A/Alastair_Clarkson.html,472,d2d7f61327ead7f1d9fce5560b25e6e150792e54b2d19fcfe621346f2fc274fc
coaches/Leigh_Matthews.html,Leigh Matthews,1-Mar-1952,../players/L/Leigh_Matthews.html,players/L/Leigh_Matthews.html,461,c5a3efd8b6193c001d4dbf58605164c6214576ed42674228bf4b77794958527d
coaches/Norm_Smith.html,Norm Smith,21-Nov-1914,../players/N/Norm_Smith.html,players/N/Norm_Smith.html,452,6e9d4944de5d6e3315d797d09f9819a4c93b744b47eb7615b011814153e09bc8
coaches/Dick_Reynolds.html,Dick Reynolds,20-Jun-1915,../players/D/Dick_Reynolds.html,players/D/Dick_Reynolds.html,415,7d99d9c34614801f6dbcf1337a19c23a0aa42c3bccc52bcfed1b356799c81856
coaches/Perce_Bentley.html,Perce Bentley,13-Dec-1906,../players/P/Perce_Bentley.html,players/P/Perce_Bentley.html,414,565abd362eaae44b4f8a5276cb04fa4720432346238b016d4ff92a42d8439360
coaches/John_Kennedy0.html,John Kennedy,29-Dec-1928,../players/J/John_Kennedy0.html,players/J/John_Kennedy0.html,412,bc9518b93c2b85f8f1ee1b5f154d56b42fdeff5b561046a8540daec6249b6958
coaches/Ross_Lyon.html,Ross Lyon,8-Nov-1966,../players/R/Ross_Lyon.html,players/R/Ross_Lyon.html,398,f97a92f9079a472e4153d0ac9725f05655b72a7842f392b75d9a07bd418e97d0
coaches/John_Worsfold.html,John Worsfold,25-Sep-1968,../players/J/John_Worsfold.html,players/J/John_Worsfold.html,388,1e3ca4c86fdea24049e94e1d4c7fa0cb9a63e130ca9ddaaa9d19d5b5f0cdaeec
coaches/Chris_Scott.html,Chris Scott,3-May-1976,../players/C/Chris_Scott.html,players/C/Chris_Scott.html,383,aab04b57ae067875b1d4174f612f55f0d99a8e5dd02d231257e9df4e261998ac
coaches/Damien_Hardwick.html,Damien Hardwick,18-Aug-1972,../players/D/Damien_Hardwick.html,players/D/Damien_Hardwick.html,378,34173d1c8753b691fa52ea2605640b80b3f6eab9f2007dee1b4c187484133796
coaches/Frank_Hughes1.html,Frank Hughes,26-Feb-1894,../players/F/Frank_Hughes1.html,players/F/Frank_Hughes1.html,378,6a4ca14eb94aac0cf7d88ebd529a87650934b2c808aa2b0b99557f0bdc2c1474
coaches/Rodney_Eade.html,Rodney Eade,4-Apr-1958,../players/R/Rodney_Eade.html,players/R/Rodney_Eade.html,377,45733b1fdcbd8962e351e9a618bc64e7d6b06844939c8aaf9aab9815ab90a1aa
coaches/Dan_Minogue.html,Dan Minogue,4-Sep-1891,../players/D/Dan_Minogue.html,players/D/Dan_Minogue.html,359,35471034a4c989d48cfa3e0f70f2da42fcc65508296840ab7b26b5549c8250c1
coaches/Robert_Walls.html,Robert Walls,21-Jul-1950,../players/R/Robert_Walls.html,players/R/Robert_Walls.html,347,05a6917b99c395012da6e4a09b241e8c41579e91f2c9f23888cf40f2fdf2b8d5
coaches/Denis_Pagan.html,Denis Pagan,24-Sep-1947,../players/D/Denis_Pagan.html,players/D/Denis_Pagan.html,344,85a75638811387a92f8ed6ce0eb4a7ef61b2810ed9212f30e819a56eca6d1049
coaches/John_Longmire.html,John Longmire,31-Dec-1970,../players/J/John_Longmire.html,players/J/John_Longmire.html,333,12f05fc01aabaabae59bdc38f3bad5176af680ad83b7e07d63360516e00de43a
coaches/John_Northey.html,John Northey,29-Jun-1943,../players/J/John_Northey.html,players/J/John_Northey.html,315,b30f3b52c4d979de9acaf685c9f90501ac1602d63a518f0b63a2658ffb3623c1
coaches/Reg_Hickey.html,Reg Hickey,27-Mar-1906,../players/R/Reg_Hickey.html,players/R/Reg_Hickey.html,304,6138e86ea4e0e65853bc12e4b1c3a9a0b21fa6ccf643cad213ef4da2234c658b
coaches/Ken_Hinkley.html,Ken Hinkley,30-Sep-1966,../players/K/Ken_Hinkley.html,players/K/Ken_Hinkley.html,297,4a11ca9fbd973bda0124088495155abc8553351469f4ea6d095902f1001e563e
coaches/Brad_Scott.html,Brad Scott,3-May-1976,../players/B/Brad_Scott.html,players/B/Brad_Scott.html,291,338eee98c22f951bde440aa748bced9005e50e49ceb58eab430ebf6977de1ad6
coaches/Mark_Thompson.html,Mark Thompson,19-Nov-1963,../players/M/Mark_Thompson.html,players/M/Mark_Thompson.html,283,2ab1445fdf8f2cba3360e4adb911d07e5758e428309e250a734b166584f25ab8
coaches/Bob_Rose.html,Bob Rose,7-Aug-1928,../players/B/Bob_Rose.html,players/B/Bob_Rose.html,282,97323641d7fff935e7ee8619a3f3836d9d3e022f4535ab6cfc3c12887c713217
coaches/John_Worrall.html,John Worrall,21-Jun-1860,,,279,7c84a0aca752831a45cea5412d9137b0c7c40cd751876030a4be2cd29c8b3e5d
coaches/Luke_Beveridge.html,Luke Beveridge,23-Aug-1970,../players/L/Luke_Beveridge.html,players/L/Luke_Beveridge.html,277,8e99d4ca06efdef394f918bb6ad947a72eced6970f56bce7d894c13bb0f72ab5
coaches/Mark_Williams2.html,Mark Williams,21-Aug-1958,../players/M/Mark_Williams2.html,players/M/Mark_Williams2.html,273,68b2ae97c4068ed8d029a458260101ed2ba557dce9bdf02f157c2043154f7b14
coaches/Phonse_Kyne.html,Phonse Kyne,29-Oct-1915,../players/P/Phonse_Kyne.html,players/P/Phonse_Kyne.html,272,c8c55a2aab8041aabc75ddd12dcb1f593e33f65f9b7ae4da0a9fad20a3b17084
coaches/Paul_Roos.html,Paul Roos,27-Jun-1963,../players/P/Paul_Roos.html,players/P/Paul_Roos.html,268,8b8c7a922a2275515fd453646ed2de2a9c3d0e5e1eaef6c85f2ce8f7a0a088ae
coaches/Bill_Stephen.html,Bill Stephen,1-Apr-1928,../players/B/Bill_Stephen.html,players/B/Bill_Stephen.html,258,fd4f94be822903dd44c97ea1ab1eddb7de7efca8c675b3294de00647f7ba2b7f
coaches/Malcolm_Blight.html,Malcolm Blight,16-Feb-1950,../players/M/Malcolm_Blight.html,players/M/Malcolm_Blight.html,250,4a572a18a20dce86da5e545479e1b7f9fb93a8886e90c1114148beab42be4e7e
coaches/Terry_Wallace.html,Terry Wallace,13-Dec-1958,../players/T/Terry_Wallace.html,players/T/Terry_Wallace.html,247,34400d385f7a67f5823186fd64f29c826cb96b250a1a864df58658730336e620
coaches/Adam_Simpson.html,Adam Simpson,16-Feb-1976,../players/A/Adam_Simpson.html,players/A/Adam_Simpson.html,242,addb7805759739929ee283713610c4b4e2518841b10d74e1e66c0a6dd010e992
coaches/Chris_Fagan.html,Chris Fagan,23-Jun-1961,,,239,1ef2c1bb4e5ec70a3ef06f25c923cbf8abde02b5fd5d790dc989370ec80f7ab7
coaches/Ted_Whitten0.html,Ted Whitten,27-Jul-1933,../players/T/Ted_Whitten0.html,players/T/Ted_Whitten0.html,228,879c26141efa31ca1ca1b722afb418c13d296248d9235db8501af8ab1fb0dfd0
coaches/Neale_Daniher.html,Neale Daniher,15-Feb-1961,../players/N/Neale_Daniher.html,players/N/Neale_Daniher.html,223,964e7246b97ccea6a7feb532a44e458ca0b2f57e61910954d10ddbbae46d7387
coaches/Gary_Ayres.html,Gary Ayres,28-Sep-1960,../players/G/Gary_Ayres.html,players/G/Gary_Ayres.html,223,9db82534aa64ac425c56df31c9118ee600233a3d4c17ce3c70ea2b809ea28875
coaches/Jack_Dyer0.html,Jack Dyer,15-Nov-1913,../players/J/Jack_Dyer0.html,players/J/Jack_Dyer0.html,222,c3f8c5800521ebcab2e239a1e9554a668ba492e839180de4dbf283a421602e9c
coaches/Wally_Carter0.html,Wally Carter,4-Feb-1909,../players/W/Wally_Carter0.html,players/W/Wally_Carter0.html,219,76c479bc2244e2f3190a96f6c89808abf840ece8f2082c1f4a0fb9fce3176cbc
coaches/Nathan_Buckley.html,Nathan Buckley,26-Jul-1972,../players/N/Nathan_Buckley.html,players/N/Nathan_Buckley.html,218,2d1944500ea73a4688341960d6f00e2762cd9fca41d8c2a0ba8b2b28ea068d51
coaches/Norman_Clark.html,Norman Clark,12-Nov-1878,../players/N/Norman_Clark.html,players/N/Norman_Clark.html,214,744d6dbce89904b185c6bead46d9311c57b2139d5ffbb83817631fe85f9b0563
coaches/Michael_Voss.html,Michael Voss,7-Jul-1975,../players/M/Michael_Voss.html,players/M/Michael_Voss.html,212,55485a55671f7ef3844113ce4d6510a4212ce4d612988e520ab2c750772cf699
coaches/Simon_Goodwin.html,Simon Goodwin,26-Dec-1976,../players/S/Simon_Goodwin.html,players/S/Simon_Goodwin.html,203,b4c46cbca49529d6999ee6addd00178627b355bc7e82b154549364f3598893a9
coaches/Brett_Ratten.html,Brett Ratten,11-Jul-1971,../players/B/Brett_Ratten.html,players/B/Brett_Ratten.html,198,2f6cf9acdbfa7fc572787c8c279b2caf47a778c4be35abd7f7a2d245cb2a5e53
coaches/Leon_Cameron.html,Leon Cameron,2-Sep-1972,../players/L/Leon_Cameron.html,players/L/Leon_Cameron.html,193,6a4a743807d9df705cc4c962a892847ded874f2603d2e8bd17c226166e42d4ff
coaches/Neil_Craig.html,Neil Craig,11-Jan-1956,,,177,9592b2ebd07bf89c6426ae205f652177d7afd325cf23fbda249d4b17b3d42a0c
coaches/Jack_Hale.html,Jack Hale,2-Jan-1913,../players/J/Jack_Hale.html,players/J/Jack_Hale.html,174,6defc93651f52784bf7c6d682b18308f057a78e0e946736c9bee1d5df79bb411
coaches/Charlie_Sutton.html,Charlie Sutton,3-Apr-1924,../players/C/Charlie_Sutton.html,players/C/Charlie_Sutton.html,162,b955f03fc5979162c7262642dee20d721d528903ec342194644062d8bc1cc3c6
coaches/Alex_Hall.html,Alex Hall,4-Jan-1869,../players/A/Alex_Hall.html,players/A/Alex_Hall.html,155,04891d406ccab6c97f2bd4f438b35ffe0f22f12fa42c6d289691aa3cd95f5c6c
coaches/Justin_Longmuir.html,Justin Longmuir,21-Jan-1981,../players/J/Justin_Longmuir.html,players/J/Justin_Longmuir.html,154,9620c91c5acb0e2abe57343ea45dcc03c7b4ac8cc4063deff4fe79f1a93f117b
coaches/Matthew_Nicks.html,Matthew Nicks,13-May-1975,../players/M/Matthew_Nicks.html,players/M/Matthew_Nicks.html,154,5a3ab8d7ad6c8861ef9f176cd403cd78749c13a32fe690c2bcc424a80f0b4e83
coaches/Tony_Jewell.html,Tony Jewell,8-Dec-1943,../players/T/Tony_Jewell.html,players/T/Tony_Jewell.html,153,42b38834b7c2f5ccd5d4ac24af57c5881e45a793a92706688a6f89370bee5dda
coaches/Alan_Joyce.html,Alan Joyce,21-Oct-1942,../players/A/Alan_Joyce.html,players/A/Alan_Joyce.html,150,e345f23d6ff5443117c39ba11fcd6fbb9517dff332c9fa5c153569674ed46d94
coaches/Dani_Laidley.html,Dani Laidley,27-Mar-1967,../players/D/Dani_Laidley.html,players/D/Dani_Laidley.html,149,5013bb578cda1472dd6fc48585723b9d521b2c79c378125918b509a6fb94993d
coaches/Vic_Belcher.html,Vic Belcher,24-Aug-1888,../players/V/Vic_Belcher.html,players/V/Vic_Belcher.html,146,dc9b0e163fb73bea1cf59bf1e4e14da5e95cb5c427be2a7d0cf6c2ff5e0663a9
coaches/Alex_Jesaulenko.html,Alex Jesaulenko,2-Aug-1945,../players/A/Alex_Jesaulenko.html,players/A/Alex_Jesaulenko.html,140,03f265b8277d791f57e34ee491f8a58ce4b7f340dba2a71b330e378176d40154
coaches/Bob_McCaskill.html,Bob McCaskill,27-Sep-1895,../players/B/Bob_McCaskill.html,players/B/Bob_McCaskill.html,138,98118d456fba69195ecd863f3a1a7b52102c8fd8322e9e4ed942396f17111827
coaches/Ken_Judge.html,Ken Judge,15-Jan-1958,../players/K/Ken_Judge.html,players/K/Ken_Judge.html,133,347749c606fb99be749fec6c58f49118bd57f8b26c4d02c4256d6ff229437b62
coaches/John_Coleman.html,John Coleman,23-Nov-1928,../players/J/John_Coleman.html,players/J/John_Coleman.html,133,936b6498abb611c309a8edf754ab533f2d2509aa49c14388c7d6b43e0b006949
coaches/Joe_Kelly1.html,Joe Kelly,7-Jun-1907,../players/J/Joe_Kelly1.html,players/J/Joe_Kelly1.html,132,9b7c393e2d632803c2f08b34c97d4f18034de4f75f56a55b7a61f997f72a480b
coaches/Arthur_Olliver.html,Arthur Olliver,10-Dec-1916,../players/A/Arthur_Olliver.html,players/A/Arthur_Olliver.html,131,bb9e1fa42c34aa7d83d2743224587f203b040a642ec8932edc30953faa3970d8
coaches/Chris_Connolly.html,Chris Connolly,25-Mar-1963,../players/C/Chris_Connolly.html,players/C/Chris_Connolly.html,130,203b9f4b852b10e602cfe3fe83bbb02fa052f734307bc7169f67a384ebae1bb4
coaches/Robert_Shaw.html,Robert Shaw,6-Jan-1955,../players/R/Robert_Shaw.html,players/R/Robert_Shaw.html,130,4a419e1548331d51ff152af94d133da7e19fce692585c983e7648c64f9ba7297
coaches/Alan_Richardson1.html,Alan Richardson,17-May-1965,../players/A/Alan_Richardson1.html,players/A/Alan_Richardson1.html,127,f495df69781bf374e2e4bf537d2fba5164bea1949df550b68cbf77915d42eedf
coaches/Alan_Killigrew.html,Alan Killigrew,27-Jan-1918,../players/A/Alan_Killigrew.html,players/A/Alan_Killigrew.html,124,93922f1dc91143b62b764b49854fd818718dfb0d5a8a9e20ec6c21105b548645
coaches/Percy_Parratt.html,Percy Parratt,27-Feb-1887,../players/P/Percy_Parratt.html,players/P/Percy_Parratt.html,124,e53a7e43ee5adb221748fce08ef22e2297440020623abc24280228e0791d1f7a
coaches/Bob_Skilton.html,Bob Skilton,8-Nov-1938,../players/B/Bob_Skilton.html,players/B/Bob_Skilton.html,123,2af36630ef1e8d47824cf59f5a1d66b8085acd196e41e8d21ebfe097e19d7bc3
coaches/Craig_McRae.html,Craig McRae,22-Sep-1973,../players/C/Craig_McRae.html,players/C/Craig_McRae.html,123,cc9023d5c10f84ab0b63f18e266982b0bb3c0bb63e74e591195d177c73721a93
coaches/Grant_Thomas.html,Grant Thomas,14-Feb-1958,../players/G/Grant_Thomas.html,players/G/Grant_Thomas.html,123,67bd74f174e051667bce99acbc6f75643b4b8008386d1f1e06def133ab60d9f9
coaches/Stuart_Dew.html,Stuart Dew,18-Aug-1979,../players/S/Stuart_Dew.html,players/S/Stuart_Dew.html,121,a4a74f7bcd970742a77675ceffe0b97e75413a19da12bfa672b564d4a1206f30
coaches/Sam_Mitchell.html,Sam Mitchell,12-Oct-1982,../players/S/Sam_Mitchell.html,players/S/Sam_Mitchell.html,119,2a6e193d9bd370e523ab7f2560e3996000626c1bdd6e83713896dea139ec9727
coaches/Paddy_Scanlan.html,Paddy Scanlan,6-Sep-1896,../players/P/Paddy_Scanlan.html,players/P/Paddy_Scanlan.html,118,873429b7e098d7a55c9a9f4c24d554cac22bb2d21fbc104d8a1530779ff5e62b
coaches/Bill_Goggin.html,Bill Goggin,4-Jan-1941,../players/B/Bill_Goggin.html,players/B/Bill_Goggin.html,117,958343db06bfcf66b63447a49d6493a398ef3690a7b9e153ef38f32ab6591062
coaches/Bob_Davis.html,Bob Davis,12-Jun-1928,../players/B/Bob_Davis.html,players/B/Bob_Davis.html,116,3bef3efe88d84b11f3422b1cc73e975379ec59eaa9e830311f1ecea9e04e89b0
coaches/Charlie_Ricketts.html,Charlie Ricketts,3-Jul-1885,../players/C/Charlie_Ricketts.html,players/C/Charlie_Ricketts.html,115,c5b98979f033efe05d6aaefedc8605cd82ce3d15dbaeb803498b069350d2dee9
coaches/Stan_Alves.html,Stan Alves,22-May-1946,../players/S/Stan_Alves.html,players/S/Stan_Alves.html,115,ea039406641dcf510316cd2790469360092e0089a03ee104ad6ebc5a5f8752d8
coaches/Ken_Hands.html,Ken Hands,26-Oct-1926,../players/K/Ken_Hands.html,players/K/Ken_Hands.html,114,63f281a9581ec1deb83068c3b3e2ecd0fab507d6735d6cfaea0766f55bf4d03b
coaches/Ian_Stewart.html,Ian Stewart,14-Jul-1943,../players/I/Ian_Stewart.html,players/I/Ian_Stewart.html,114,f55f6e568123b1b30b3216ef37aea5c74fb9a6f867e02fdc08c4831759c1824b
coaches/Danny_Frawley.html,Danny Frawley,8-Sep-1963,../players/D/Danny_Frawley.html,players/D/Danny_Frawley.html,113,55eef656d3e7010ab4fc56f200b3e9c7cb66af8a8807443a475b96bcb2cc3c30
coaches/Des_Tuddenham.html,Des Tuddenham,29-Jan-1943,../players/D/Des_Tuddenham.html,players/D/Des_Tuddenham.html,112,ed924386cee83c7231bf97e0dfb5eff8180f40a505fff39a991d1878dbbd2ad7
coaches/Peter_Schwab.html,Peter Schwab,22-Sep-1960,../players/P/Peter_Schwab.html,players/P/Peter_Schwab.html,109,fcf8aed4e24887d5d112684df776aea7e08ed0d37018a82f44afdfd11b794070
coaches/Charles_Pannam.html,Charles Pannam,21-Apr-1897,../players/C/Charles_Pannam.html,players/C/Charles_Pannam.html,108,0b4e9446ce83f254b4acbc508975dce59707e8dad41d883e7a3bf097e3338a3e
coaches/Len_Smith0.html,Len Smith,9-Feb-1912,../players/L/Len_Smith0.html,players/L/Len_Smith0.html,107,866cb3d7f817f5789f96b6d6635009a234672b1b445534ce8abf1125bebd010b
coaches/Peter_Pianto.html,Peter Pianto,25-Nov-1929,../players/P/Peter_Pianto.html,players/P/Peter_Pianto.html,104,97bb24c06ab5d58d402247482c1badf071460b6063d3f1bac33aaea98130f601
coaches/Peter_Knights.html,Peter Knights,30-Mar-1952,../players/P/Peter_Knights.html,players/P/Peter_Knights.html,104,7b35a5005990ace8321d811208efae560124728ebe999038413ce161414a0566
coaches/Mark_Harvey.html,Mark Harvey,11-Jun-1965,../players/M/Mark_Harvey.html,players/M/Mark_Harvey.html,100,36515a1f170006dda375b468414740ae3b1b45187928a6c93ca8a662e0e146be
coaches/Syd_Barker0.html,Syd Barker,26-Nov-1887,../players/S/Syd_Barker0.html,players/S/Syd_Barker0.html,99,3420c1b18278b79671cebfe474ca67623fc764c56cb5d9d7410e406c0e21bb5d
coaches/Adam_Kingsley.html,Adam Kingsley,20-Aug-1975,../players/A/Adam_Kingsley.html,players/A/Adam_Kingsley.html,98,fde07e0b3acd83bd2c20ecc31a9e388146415367c14f6a7141ad3c79da80762a
coaches/Neil_Balme.html,Neil Balme,15-Jan-1952,../players/N/Neil_Balme.html,players/N/Neil_Balme.html,98,f5f7e845a17c87fb492b4cbabab3ddfec786419b37c5f756982f7cbae5cae760
coaches/Fred_Hughson.html,Fred Hughson,22-May-1914,../players/F/Fred_Hughson.html,players/F/Fred_Hughson.html,96,65513c323d78a1f465f1c624c815a135cce578b3b6864eff45b8e5ca8a513878
coaches/John_Nicholls.html,John Nicholls,13-Aug-1939,../players/J/John_Nicholls.html,players/J/John_Nicholls.html,95,a347eedbaff74117ceec7b1096f62af1a2a544f949d48c2f0879ddf9fb1444b8
coaches/Don_Pyke.html,Don Pyke,5-Dec-1968,../players/D/Don_Pyke.html,players/D/Don_Pyke.html,93,abd80482e06dafc9af737d831901db42617373992de04c179f23f9190e07bb87
coaches/Ivor_Warne-Smith.html,Ivor Warne-Smith,29-Oct-1897,../players/I/Ivor_Warne-Smith.html,players/I/Ivor_Warne-Smith.html,92,289ca666bfba52fb89028f67c5069ebc8bc8a32f180e8750b63baabfd324395a
coaches/Frank_Maher.html,Frank Maher,22-Sep-1895,../players/F/Frank_Maher.html,players/F/Frank_Maher.html,92,c85cff143de889cc81cddd7561db67f98ee8fd865c365ac17f7817732b24878e
coaches/Terry_Wheeler.html,Terry Wheeler,13-Mar-1955,../players/T/Terry_Wheeler.html,players/T/Terry_Wheeler.html,91,82464354c4aea88e7b79c60248d84020439c80de5aa6fbcb75af6e08e061f393
coaches/Rod_Olsson.html,Rod Olsson,23-Apr-1942,../players/R/Rod_Olsson.html,players/R/Rod_Olsson.html,91,4dbb1c2fc9210eecdcdeb26148e80ebbc93222321f07957f1f01308dd4eb4350
coaches/John_Cahill.html,John Cahill,27-Apr-1940,,,91,e05f9cf9ee6ce9b8839126a55e54024ab0a4a307b0a51a3502f3cb4640ea110a
coaches/Jim_Francis.html,Jim Francis,12-Dec-1910,../players/J/Jim_Francis.html,players/J/Jim_Francis.html,91,b6074402041bbf9ec150771744b131191330a56aee89784e33ad0163110ee588
coaches/Herbie_Matthews0.html,Herbie Matthews,12-Nov-1913,../players/H/Herbie_Matthews0.html,players/H/Herbie_Matthews0.html,90,91c7c3151e194e122d7e17bf3187dc10cb5479be274dad985c305389106a314b
coaches/Ken_Sheldon.html,Ken Sheldon,31-Dec-1959,../players/K/Ken_Sheldon.html,players/K/Ken_Sheldon.html,89,dc134aab459845f39245bb581612bc5e836c9ea2d95dd762cadb0106416963bd
coaches/Graham_Cornes.html,Graham Cornes,31-Mar-1948,../players/G/Graham_Cornes.html,players/G/Graham_Cornes.html,89,45c71a758927985af0b8525802f949184a18fb8c6cad44c2bde67fdb0da89b65
coaches/Tony_Shaw.html,Tony Shaw,23-Jul-1960,../players/T/Tony_Shaw.html,players/T/Tony_Shaw.html,88,9d1ae84dcdd25fcac6bf3d21cabd74b01d3e400d1d2d7ed1c7833bc90ffe4b12
coaches/Kevin_Bartlett.html,Kevin Bartlett,6-Mar-1947,../players/K/Kevin_Bartlett.html,players/K/Kevin_Bartlett.html,88,d2690d34dca15590294a996f9f589176e195d81b825df01c4cb4175525cf7436
coaches/Guy_McKenna.html,Guy McKenna,11-May-1969,../players/G/Guy_McKenna.html,players/G/Guy_McKenna.html,88,1e19a4a99a4eef815d04ee61ca01de6c3d9befb36c86f568d185a61f8b6949a1
coaches/Gordon_Rattray.html,Gordon Rattray,19-Oct-1898,../players/G/Gordon_Rattray.html,players/G/Gordon_Rattray.html,88,1c8067b5c9914c985d7df88686cb85a3ef3c14eaaf139758ab7d066175233132
coaches/Gerard_Neesham.html,Gerard Neesham,11-Dec-1954,../players/G/Gerard_Neesham.html,players/G/Gerard_Neesham.html,88,7584de4853b27f36d8e2c030afac7fd2ebd331b272c128e425684f3303ea091c
coaches/Gerald_Brosnan.html,Gerald Brosnan,14-Aug-1877,../players/G/Gerald_Brosnan.html,players/G/Gerald_Brosnan.html,88,946235bd0a3262f147d680cc29f9e10bda48bbed415eea25e648c7fe69f61d9a
coaches/James_Hird.html,James Hird,4-Feb-1973,../players/J/James_Hird.html,players/J/James_Hird.html,85,b317b97293d969d37318df1b97b966fcca274afc293d6e5696a12c8d14ee17a1
coaches/Keith_McKenzie.html,Keith McKenzie,26-Apr-1922,../players/K/Keith_McKenzie.html,players/K/Keith_McKenzie.html,84,a628d480fd64f942da45853579006d34f35e73acd1c596a79e8836100a08f472
coaches/Graham_Donaldson.html,Graham Donaldson,20-Jun-1935,../players/G/Graham_Donaldson.html,players/G/Graham_Donaldson.html,84,294aae7e5c514eae765fd23f192e518e767c02dee6a647e270964259f3cf0ad5
coaches/Dean_Bailey.html,Dean Bailey,18-Jan-1967,../players/D/Dean_Bailey.html,players/D/Dean_Bailey.html,83,763e4fb428d60c714d214e5e85bab87029c9c44ba181d93257f03a03e196f459
coaches/Brendon_Bolton.html,Brendon Bolton,18-Apr-1979,,,82,56d152c583cde94d82f9458ced8ee7c20b3d07c49414a731298461c5a0cf94c0
coaches/Roy_Cazaly.html,Roy Cazaly,13-Jan-1893,../players/R/Roy_Cazaly.html,players/R/Roy_Cazaly.html,82,f33a5bd60c5827e97d3f7cc47285e7f3df8a2deaebb168609a8ad861b7d58a59
coaches/Arthur_Coghlan.html,Arthur Coghlan,16-Aug-1902,../players/A/Arthur_Coghlan.html,players/A/Arthur_Coghlan.html,80,b20a1558806cb5ef32eb7f5e0455ae0b11eb30ff65aa3c480ab98d24fa42f73d
coaches/Jack_Bisset.html,Jack Bisset,1-Sep-1900,../players/J/Jack_Bisset.html,players/J/Jack_Bisset.html,80,54c5d77d875b66b6b3659648dbaf38ad42030348a81745d93c91a326afc88e84
coaches/Charlie_Hardy.html,Charlie Hardy,1-Apr-1887,../players/C/Charlie_Hardy.html,players/C/Charlie_Hardy.html,79,339cc9bcae36e55eb00b92e5e3b0e2e3f16d207c5f332aa47d07eb9bde432434
coaches/Bill_Cubbins.html,Bill Cubbins,4-May-1899,../players/B/Bill_Cubbins.html,players/B/Bill_Cubbins.html,78,e42e2af485e1d3778020340ca96499342173603c3f38340f77e04f1a677f7308
coaches/Jack_Baggott.html,Jack Baggott,20-Jul-1906,../players/J/Jack_Baggott.html,players/J/Jack_Baggott.html,78,1dbb25685a8018c0db36744d5162eaf2030bbe2a088b38c59042449b9ad983d2
coaches/Bert_Chadwick.html,Bert Chadwick,15-Nov-1897,../players/B/Bert_Chadwick.html,players/B/Bert_Chadwick.html,76,99502a180922c40897463149851e3098ab0fa2add56ebcd319c63561f92682f7
coaches/Barry_Cable.html,Barry Cable,22-Sep-1943,../players/B/Barry_Cable.html,players/B/Barry_Cable.html,76,7f3fdb1f2a44c263f221ea0f08ba4bc6fe81f9677494abd7699aebe88592623d
coaches/Alan_McDonald.html,Alan McDonald,23-Jun-1918,../players/A/Alan_McDonald.html,players/A/Alan_McDonald.html,72,f12153a11e9052d8932ca45382a20db12a398149c1bf1952531dcf876f0c7302
coaches/Neil_Mann.html,Neil Mann,26-Aug-1924,../players/N/Neil_Mann.html,players/N/Neil_Mann.html,72,bffd19f601f7bed4a7299e4d943a70f232612995e23bc16bab2d893f52de0ad0
coaches/Ivan_McAlpine.html,Ivan McAlpine,19-Jul-1907,../players/I/Ivan_McAlpine.html,players/I/Ivan_McAlpine.html,72,e8492c83df7f36e2ba2334e7c4f205f00297523de1294a4d89611729fb3cb997
coaches/Dick_Condon.html,Dick Condon,19-Mar-1876,../players/D/Dick_Condon.html,players/D/Dick_Condon.html,71,1dff51edc5809328ce269c50531c1c1adc61734ee6cddac12b3b1603360160dd
coaches/Bill_Adams.html,Bill Adams,11-Dec-1900,../players/B/Bill_Adams.html,players/B/Bill_Adams.html,70,69bb5e9f314f0249a2412bd846d624eed4822402435e7c01f7ca1802b64920b2
coaches/Adem_Yze.html,Adem Yze,21-Sep-1977,../players/A/Adem_Yze.html,players/A/Adem_Yze.html,70,d9326834bef4c2bae7413e17dec28d503705676156d8c8d7974baf5a60f21ce2
coaches/Brenton_Sanderson.html,Brenton Sanderson,27-Feb-1974,../players/B/Brenton_Sanderson.html,players/B/Brenton_Sanderson.html,69,2361c375da6bb3791b795ebaca41c84d1ee13f2bc40d7aaa0024f6163051c4ff
coaches/Michael_Patterson.html,Michael Patterson,7-Jan-1941,../players/M/Michael_Patterson.html,players/M/Michael_Patterson.html,68,95b67c627c167bcaea935ec3b246a092bd7be328b82bdf022cc10d8fee37b5a3
coaches/Matthew_Knights.html,Matthew Knights,5-Oct-1970,../players/M/Matthew_Knights.html,players/M/Matthew_Knights.html,68,61a8c7326eb5f772331081b1f6a5efc5804587dbdcb1e7f8c74c1b5ab2fc882d
coaches/Barry_Davis.html,Barry Davis,15-Sep-1943,../players/B/Barry_Davis.html,players/B/Barry_Davis.html,67,f427f532c64a173dd9330e0d597a91022fdc40ebfdac286c3f892068b07753be
coaches/Col_Kinnear.html,Col Kinnear,10-Oct-1947,,,66,68a5dedbfed131412646d5ef719293141c8658e6a8ab80129b7256cfbe573a29
coaches/Justin_Leppitsch.html,Justin Leppitsch,1-Oct-1975,../players/J/Justin_Leppitsch.html,players/J/Justin_Leppitsch.html,66,6c8c545d33d88859a2d0b626777c360fff810d6fb640ff607673c06ea48eea6d
coaches/Brendan_McCartney.html,Brendan McCartney,23-Oct-1960,,,66,a5e876b61f60b539d92b4788eba6469d14cbdce936208328b73c232aaa151e7e
coaches/Wayne_Schimmelbusch.html,Wayne Schimmelbusch,19-Jan-1953,../players/W/Wayne_Schimmelbusch.html,players/W/Wayne_Schimmelbusch.html,66,d10adec5b6d162614646f2544837054667f4c658e58e907462ff8c9033c1fb2d
coaches/Kevin_Rose.html,Kevin Rose,4-Jun-1939,../players/K/Kevin_Rose.html,players/K/Kevin_Rose.html,66,5fa12138804ae44e2f2c95caa07566253789fb4deaffaf5c322a0b611c0dae69
coaches/John_Devine.html,John Devine,22-Jun-1940,../players/J/John_Devine.html,players/J/John_Devine.html,66,5fe93df142f385fb8e6951f1a6eba5853aa21f90876b197186a9788562808868
coaches/Ian_Ridley.html,Ian Ridley,15-Feb-1934,../players/I/Ian_Ridley.html,players/I/Ian_Ridley.html,66,8afddca9d4a51454c859b4f6642e597b0b7c756521e49251c533de77ef4a295d
coaches/Graham_Farmer.html,Graham Farmer,10-Mar-1935,../players/G/Graham_Farmer.html,players/G/Graham_Farmer.html,66,4cb4da2cf9601b13ba1662813e8ab9189c83d2ea14cd8c0edc378bc6bac6e5b2
coaches/Graeme_John.html,Graeme John,15-Mar-1943,../players/G/Graeme_John.html,players/G/Graeme_John.html,66,b569ede046ea43eb9930c6a3d904baa26e98f7c1fe3991c37985d3038efa56a6
coaches/Jack_Clarke.html,Jack Clarke,14-Jul-1933,../players/J/Jack_Clarke.html,players/J/Jack_Clarke.html,65,1584d48c2b843712cbd00afd96b63d8892e9dcd2f21bdb25ba71f40f54daa6cf
coaches/George_Sparrow.html,George Sparrow,,../players/G/George_Sparrow.html,players/G/George_Sparrow.html,63,0460a9572b3028921bb3a65fce036f1499164004407ebbe4d011e0c318cbc52a
coaches/Darrel_Baldock.html,Darrel Baldock,29-Sep-1938,../players/D/Darrel_Baldock.html,players/D/Darrel_Baldock.html,62,3fa57ea0b41c4d78ec2ebf1710230dee1146c42469341ea998fe3df98e1efdb6
coaches/John_Beckwith.html,John Beckwith,16-Sep-1932,../players/J/John_Beckwith.html,players/J/John_Beckwith.html,62,f594e8964e9097197f3e4283eff439752f8c4be8629737dc8a4dec4bc8097cd4
coaches/George_Angus.html,George Angus,15-Apr-1875,../players/G/George_Angus.html,players/G/George_Angus.html,60,f049100636d452dc51c6d8c7ee93642d24dbde9bc3dba774ac8ccd06da1ae056
coaches/Andrew_McQualter.html,Andrew McQualter,9-Jun-1986,../players/A/Andrew_McQualter.html,players/A/Andrew_McQualter.html,59,abc0cd034b00dde6a767fc1057c0f275fa4d05165deeaa64f303c294f34a6241
coaches/Brighton_Diggins.html,Brighton Diggins,26-Dec-1906,../players/B/Brighton_Diggins.html,players/B/Brighton_Diggins.html,58,4376a35a7ff07a7f568de0c26629353927da444ac3b2b2a3d1ab622846edd99f
coaches/Cliff_Rankin.html,Cliff Rankin,4-Dec-1896,../players/C/Cliff_Rankin.html,players/C/Cliff_Rankin.html,57,d264f5b61f1442d80a290642587aeab0806fa848a56af828b2da229c698fe3ed
coaches/Alan_Ruthven.html,Alan Ruthven,17-Apr-1922,../players/A/Alan_Ruthven.html,players/A/Alan_Ruthven.html,57,256b2e307988de70cbad48e76d809e447135ed6f1e22286e8a4d5f29e842adea
coaches/Tommy_Quinn.html,Tommy Quinn,11-Aug-1908,../players/T/Tommy_Quinn.html,players/T/Tommy_Quinn.html,57,06afad62a174de95dd6b81b88faa9b0d4ef3958bf9a764afe934b42be5baa89b
coaches/Ricky_Quade.html,Ricky Quade,26-Aug-1950,../players/R/Ricky_Quade.html,players/R/Ricky_Quade.html,57,707b7ca417f7fcae15138bbd9a40b12c92574d4e9b0de77e2bae863e567f6930
coaches/Alec_Albiston.html,Alec Albiston,16-Nov-1917,../players/A/Alec_Albiston.html,players/A/Alec_Albiston.html,57,83decf02f2439640ca4f94274c27986bfce6a6df4943062c3815aada2fb68aa3
coaches/Allan_La Fontaine.html,Allan La Fontaine,15-Dec-1910,../players/A/Allan_La Fontaine.html,players/A/Allan_La Fontaine.html,56,aa218731d4f5bb412737ae2f9456ccdb044ac31ee55001be62e3888b7ddd1ce2
coaches/Fred_Froude.html,Fred Froude,3-Jul-1910,../players/F/Fred_Froude.html,players/F/Fred_Froude.html,56,e6fd54fedd660f448e54f9de8552793d6503b8bf944b8b867b6252ef69e56535
coaches/Ansell_Clarke.html,Ansell Clarke,12-Aug-1907,../players/A/Ansell_Clarke.html,players/A/Ansell_Clarke.html,55,fca5c62dcf73543b945d6fd2f7ed200740393d82454b2b6d9516de7c120f873f
coaches/Albert_Pannam0.html,Albert Pannam,19-Apr-1914,../players/A/Albert_Pannam0.html,players/A/Albert_Pannam0.html,54,332141a74f440dc01c93dfafdd55a322c4c396117c30f2062f2f047e3ea24429
coaches/Noel_McMahen.html,Noel McMahen,30-Oct-1926,../players/N/Noel_McMahen.html,players/N/Noel_McMahen.html,54,718031a73f925fa6a791f29e2092883c84de0891bbf420749de79d3285ba7251
coaches/George_Holden.html,George Holden,15-Apr-1889,../players/G/George_Holden.html,players/G/George_Holden.html,54,5e15ad3ecef15ecf5ec102fd545a2831de33f04a4f6cc50afbda95caa5e58253
coaches/Garnet_Campbell.html,Garnet Campbell,31-Jul-1903,../players/G/Garnet_Campbell.html,players/G/Garnet_Campbell.html,54,b500919b6d2dac42876c0bd6d869d2ff755de3870f7c8ee41e457edd77209190
coaches/Des_Rowe.html,Des Rowe,19-Nov-1925,../players/D/Des_Rowe.html,players/D/Des_Rowe.html,54,3c9e80f5b90f973880544bd67473476bb11a552af547c043819feb1a506f04d3
coaches/Damian_Drum.html,Damian Drum,28-Jul-1960,../players/D/Damian_Drum.html,players/D/Damian_Drum.html,53,46abab0860ebd49677eefe1c7c58d04ed06b4c8f780a1990acc26409aa2e24a0
coaches/Royce_Hart.html,Royce Hart,10-Feb-1948,../players/R/Royce_Hart.html,players/R/Royce_Hart.html,53,f552b085b02615f44a3ca98c5a951a2cf016f7e398454f89f279cb45eee9893f
coaches/Wels_Eicke.html,Wels Eicke,27-Sep-1893,../players/W/Wels_Eicke.html,players/W/Wels_Eicke.html,52,dda21d658a64e9b8193bdf010b6a4941d43419bc7efd6d2ca1247e6c2ba0cb66
coaches/Gordon_Lane.html,Gordon Lane,30-May-1921,../players/G/Gordon_Lane.html,players/G/Gordon_Lane.html,51,4a2f4ae4d3ff053eb8a1e8eaf19c7900f96e570e6efab26a0e4e09b3a5693496
coaches/David_Teague.html,David Teague,5-May-1981,../players/D/David_Teague.html,players/D/David_Teague.html,50,de3a03a446e6127a6587214e87113c1690927089962d77305e191fd756bb3a77
coaches/Dave_McNamara.html,Dave McNamara,22-Jan-1887,../players/D/Dave_McNamara.html,players/D/Dave_McNamara.html,49,5b46f6921fee8f6abb95aa8e77cb922ffb98a4c027e3268cc526628657a8d4f9
coaches/Jimmy_Smith0.html,Jimmy Smith,4-Jan-1877,../players/J/Jimmy_Smith0.html,players/J/Jimmy_Smith0.html,49,ca3e06e4119d659bbc9dcf1c9ebe8ff106dc355c100e67cd4a16a447089a9e29
coaches/Jeff_Gieschen.html,Jeff Gieschen,22-Sep-1956,../players/J/Jeff_Gieschen.html,players/J/Jeff_Gieschen.html,49,89a00d629249cd2c491e224464da0c5b8386a22ec5b242b60f54408463c12c58
coaches/Percy_Wilson.html,Percy Wilson,31-Mar-1889,../players/P/Percy_Wilson.html,players/P/Percy_Wilson.html,48,5c69834ed4d983a7c85eb0f466f4b99a2b5b5d2924a632bf36278a3755d2770d
coaches/Percy_Beames.html,Percy Beames,27-Jul-1911,../players/P/Percy_Beames.html,players/P/Percy_Beames.html,48,18e9e8194ad833d9f69f976922c027a1ae49506cfe20605f1ec235be274abc57
coaches/Graeme_Gellie.html,Graeme Gellie,27-Dec-1954,../players/G/Graeme_Gellie.html,players/G/Graeme_Gellie.html,48,d4fdfe6572a0ede08635de74fefb9220501539b5b5bc66b0a1b307c070257927
coaches/Barry_Richardson.html,Barry Richardson,22-Jan-1946,../players/B/Barry_Richardson.html,players/B/Barry_Richardson.html,47,a0b77f2f52ee2daca3f4ab9047e9f01d0c87b88f3db46ceec16a8a98bdd19b8d
coaches/Matthew_Primus.html,Matthew Primus,12-Jan-1975,../players/M/Matthew_Primus.html,players/M/Matthew_Primus.html,47,801a810cdf6ade86432e23ebddb0d978880c2acbcaac4b58883a4c6ceff3b4b8
coaches/Fred_Elliott.html,Fred Elliott,7-Apr-1879,../players/F/Fred_Elliott.html,players/F/Fred_Elliott.html,47,8e6501f761bd2dff197da185b3ea84149b3eefddb24ad838a00573c674240e39
coaches/Dean_Cox.html,Dean Cox,1-Aug-1981,../players/D/Dean_Cox.html,players/D/Dean_Cox.html,46,452e70130eb8e4b0508c8fce79c979aa72ef6f02ce68de23561c1fc6ab624aff
coaches/Wayne_Brittain.html,Wayne Brittain,13-Jun-1958,,,46,57a092f0b79b4077cfd9abf5dc251839e7854860e8e998183c130350551dfe75
coaches/Ian_Thorogood.html,Ian Thorogood,25-Aug-1936,../players/I/Ian_Thorogood.html,players/I/Ian_Thorogood.html,46,143eb01a54031a71238e85049b0de7871c1c4f8cb69211d986261217d7bb6ed1
coaches/Francis_Bourke.html,Francis Bourke,2-Apr-1947,../players/F/Francis_Bourke.html,players/F/Francis_Bourke.html,46,9f56db1b0f953718d4d08e5ce59ca3bda7f15d12229c6a56bf51e7d483790f09
coaches/Peter_Rohde.html,Peter Rohde,19-Nov-1964,../players/P/Peter_Rohde.html,players/P/Peter_Rohde.html,45,13db8dedc3500295bce7baf4600af3f9f454d1475b4ce33bb1e52f9485a5763f
coaches/Murray_Weideman.html,Murray Weideman,16-Feb-1936,../players/M/Murray_Weideman.html,players/M/Murray_Weideman.html,45,d707ec728ad4590ab92090921f2d039aff9462c19839b5977072adbab2bae819
coaches/John_Todd.html,John Todd,21-May-1938,,,45,29af5eae1c88ac21e63931ce538d21e08475ce75b77a56ce43f194857e0ef558
coaches/Horrie_Clover.html,Horrie Clover,20-Mar-1895,../players/H/Horrie_Clover.html,players/H/Horrie_Clover.html,45,2da0f826d8b28f63145e97f84058255334a7925d85a9ba8d2e2434fc846e427b
coaches/Brian_Dixon.html,Brian Dixon,20-May-1936,../players/B/Brian_Dixon.html,players/B/Brian_Dixon.html,44,88e4c7fef1105ae1a43caea2fdfd724689eaa3df2ef9f5921c272fc2f1eae999
coaches/Bill_McMaster0.html,Bill McMaster,30-Jan-1930,../players/B/Bill_McMaster0.html,players/B/Bill_McMaster0.html,44,df9bc080dbda6141b60213cd841b9cf05ac984756c9c642babaf25db03cdc6d6
coaches/Ben_Rutten.html,Ben Rutten,28-May-1983,../players/B/Ben_Rutten.html,players/B/Ben_Rutten.html,44,d467877caf7bf9ba70cd7a7ce4a56b0164fceff56237e0b653b7b5ebe690f229
coaches/Scott_Watters.html,Scott Watters,25-Jan-1969,../players/S/Scott_Watters.html,players/S/Scott_Watters.html,44,574ae861fe152823f41682e115bde623ef1b9a95a62a8f164157ec7802a7bd51
coaches/Tim_Watson.html,Tim Watson,13-Jul-1961,../players/T/Tim_Watson.html,players/T/Tim_Watson.html,44,39b6686bec752c17cce25a5c958811b26d8da69ad47e05ab67cc28a744a9fa5c
coaches/Rod_Austin.html,Rod Austin,26-Jan-1953,../players/R/Rod_Austin.html,players/R/Rod_Austin.html,44,a7490dee89309a9df9435ca6df2fdfa4c1d4599dc0fd7efa428d47a88fb6245d
coaches/Don_McKenzie1.html,Don McKenzie,23-Mar-1939,../players/D/Don_McKenzie1.html,players/D/Don_McKenzie1.html,44,8320380f51fcd24341673b3a5cf94d034443d1cd1814b3c5a5605dd30d9d554a
coaches/Carl_Ditterich.html,Carl Ditterich,10-Oct-1945,../players/C/Carl_Ditterich.html,players/C/Carl_Ditterich.html,43,cb524eff6a9474148c326c534b0fbe3d2f17700c9296bcbbb86952bf55106acb
coaches/Dick_Taylor.html,Dick Taylor,28-Nov-1901,../players/D/Dick_Taylor.html,players/D/Dick_Taylor.html,42,0598a4c90c4106959803cfaf3975e911b781125f90d7bd9eb2c6bb570435100a
coaches/Ron_Clegg.html,Ron Clegg,17-Nov-1927,../players/R/Ron_Clegg.html,players/R/Ron_Clegg.html,40,8054d6549b420fc884cd614367f1ac181cabeebcde069ec5af725e6f7fd1668c
coaches/Dave_Smith.html,Dave Smith,14-Sep-1884,../players/D/Dave_Smith.html,players/D/Dave_Smith.html,39,f929b845a986051a2a790d9f776ade463dc7c47190b87c4cf5286b619b9126e5
coaches/Bill_Thomas1.html,Bill Thomas,10-Nov-1886,../players/B/Bill_Thomas1.html,players/B/Bill_Thomas1.html,39,e5e3d02a5b385d562f827f2ab497995066b4dc5f2aadefde237341917cbdba70
coaches/Keith_Shea.html,Keith Shea,10-Aug-1914,../players/K/Keith_Shea.html,players/K/Keith_Shea.html,39,21d8af16382d5c87c05325c6ac0f963ce3cfea0242df395d51070f11d2e6c3a1
coaches/David_Noble.html,David Noble,15-May-1967,../players/D/David_Noble.html,players/D/David_Noble.html,38,7d36bf9888263d22e5292c6635d67c0b255707f3b6828a08b435dd5dab0c06b5
coaches/Allan_Miller.html,Allan Miller,27-Oct-1925,../players/A/Allan_Miller.html,players/A/Allan_Miller.html,38,8df39ee29db8aec41baf9ed278fb423ab5ad6dd135d9fa1671071baf53e75060
coaches/Allan_Hird0.html,Allan Hird,11-Aug-1918,../players/A/Allan_Hird0.html,players/A/Allan_Hird0.html,38,8acdb5aea6fb19aa47e86252a6af8fd9ba217fa58a6543f85519d3e720379c1f
coaches/Hughie_Thomas.html,Hughie Thomas,,,,38,b5f4a2d968058a5d86a23fe2bf0c559c0acfe635b70da3d0c04a204662dd5888
coaches/Col_Williamson.html,Col Williamson,31-Dec-1913,../players/C/Col_Williamson.html,players/C/Col_Williamson.html,37,686db83e144295d6fceb38eb8c9642da8fa2964a48e0c3618ffe46c187debfd2
coaches/Bill_Eason.html,Bill Eason,15-Dec-1881,../players/B/Bill_Eason.html,players/B/Bill_Eason.html,37,f4faffc86cfca729baab36de1635ce8d2ad855b65592199c238a7867f1871531
coaches/Ray_Brew.html,Ray Brew,14-Jan-1903,../players/R/Ray_Brew.html,players/R/Ray_Brew.html,37,0fd71fafe05bbdc4a12ed2ae5cfc862023275b3a3449b64c3260660a1ac904d0
coaches/Jock_McCorkell.html,Jock McCorkell,2-Jul-1918,../players/J/Jock_McCorkell.html,players/J/Jock_McCorkell.html,37,60d8ac94eb246bc6a8b39b9fb41befb6e50489e64d2c79ff3ab48e3f487bc556
coaches/Dave_Hickinbotham.html,Dave Hickinbotham,,,,36,494aea595ce81ffb1501f57a39cc58ee1db14f7be78f5db6ba97e291347d60ad
coaches/Colin_Niven.html,Colin Niven,6-Sep-1903,../players/C/Colin_Niven.html,players/C/Colin_Niven.html,36,2e929e6b7d4545458af76cfa97d3bccf056e88e505de1d3289389a60e7e908ce
coaches/Charlie_May.html,Charlie May,17-Feb-1899,../players/C/Charlie_May.html,players/C/Charlie_May.html,36,4290fbb31a5619bfce5132389fd78e920770c9f19dc61e908e58ae91ca200dc5
coaches/Charlie_Gaudion.html,Charlie Gaudion,14-Apr-1904,../players/C/Charlie_Gaudion.html,players/C/Charlie_Gaudion.html,36,4cf152a77b333d917fb6980d7fe48681d63adaf4d3bc7e73dd1880074d75c09c
coaches/Bill_Faul.html,Bill Faul,8-Jun-1909,../players/B/Bill_Faul.html,players/B/Bill_Faul.html,36,aa2b023f434dd5457727db0e4cfad60054d82c67e27c105df59977aed933e176
coaches/Bert_Mills.html,Bert Mills,16-Feb-1910,../players/B/Bert_Mills.html,players/B/Bert_Mills.html,36,4537962458d87114afb988e4d9c73c986a88bb3e8a91721ae397694cb33fafde
coaches/Syd_Coventry0.html,Syd Coventry,13-Jun-1899,../players/S/Syd_Coventry0.html,players/S/Syd_Coventry0.html,36,2c00a20c4eb1fc9458684858edb90fbf41adbc50a4c8911a0476deb570a7aad3
coaches/Percy_Rowe.html,Percy Rowe,4-Jan-1896,../players/P/Percy_Rowe.html,players/P/Percy_Rowe.html,36,35a877c17ca009fc12ed68af1b2938e639d9800caf2a0982f104fc78a5731820
coaches/Les_Foote.html,Les Foote,20-Aug-1924,../players/L/Les_Foote.html,players/L/Les_Foote.html,36,331997c5d42aefdbb49ef2dccc2761ee2e0fbd314d2538b496988f8b0accbe65
coaches/Len_Incigneri.html,Len Incigneri,3-Jan-1884,../players/L/Len_Incigneri.html,players/L/Len_Incigneri.html,36,81efd2dd386a5bd7742d65c236bc5d502a548283b4ec6faab805c26e7adfbfb6
coaches/John_Harris.html,John Harris,4-Nov-1903,../players/J/John_Harris.html,players/J/John_Harris.html,36,5fa594da58a3f28f68243bb83561550f97d8efcf6f9192b544c98210a27b8670
coaches/Graham_Arthur.html,Graham Arthur,9-Jun-1936,../players/G/Graham_Arthur.html,players/G/Graham_Arthur.html,36,e9deb7f7bd6736696922ab58cbdb8da840b1c984c1b7a89fd973c2f7d695ad82
coaches/Geoff_Moriarty.html,Geoff Moriarty,28-Oct-1871,../players/G/Geoff_Moriarty.html,players/G/Geoff_Moriarty.html,36,4e38bf4d3df311de49082c927fb779d6bb32e2aa534d1be991faf9bee551b986
coaches/Eddie_Drohan.html,Eddie Drohan,17-Jul-1876,../players/E/Eddie_Drohan.html,players/E/Eddie_Drohan.html,36,f87dae47405540c3ed772ba3c0e1d9669550a9171e5a3ac86462ec6498d0f216
coaches/Tom_Fitzmaurice.html,Tom Fitzmaurice,7-Jul-1898,../players/T/Tom_Fitzmaurice.html,players/T/Tom_Fitzmaurice.html,34,3bba6e75457d8c33707db0a899bfc3b0a978f1991d1fc815687fc7f7212d4b26
coaches/Kevin_Murray.html,Kevin Murray,18-Jun-1938,../players/K/Kevin_Murray.html,players/K/Kevin_Murray.html,34,4f23120ede39bd8ba7b94307b93e5ef9b49d91cd2bec7358217b59e8dbecae27
coaches/Keith_Forbes.html,Keith Forbes,28-May-1906,../players/K/Keith_Forbes.html,players/K/Keith_Forbes.html,34,ebac75b6acf20935fcfd2fb323b5e9653a7607f0a0ed29d20f76ae89babd8ff3
coaches/George_Heinz.html,George Heinz,8-Oct-1891,../players/G/George_Heinz.html,players/G/George_Heinz.html,34,9eba8807b75afdd317c5c425a1422145b0644e9dd96b73e7940f13c4914cc072
coaches/Alec_Eason.html,Alec Eason,8-Nov-1889,../players/A/Alec_Eason.html,players/A/Alec_Eason.html,34,b0ebd4fec27c11367e35088cdd4175f0275c9c8b6f187d326c45eb34db4b311f
coaches/Mark_Neeld.html,Mark Neeld,13-Jul-1971,../players/M/Mark_Neeld.html,players/M/Mark_Neeld.html,33,82c0205c4bd823266794dbbe7dff3e0efb70a1ac9598a1c7954a0b922eb805d7
coaches/Norm_Ware.html,Norm Ware,5-Mar-1911,../players/N/Norm_Ware.html,players/N/Norm_Ware.html,33,7ae0564601df44b16f3ad1bab3befe67dbb84b4ca778b24482ebcfabec431562
coaches/Ian_Hampshire.html,Ian Hampshire,9-May-1948,../players/I/Ian_Hampshire.html,players/I/Ian_Hampshire.html,33,3b0a4996868d052bf6da6324fd228cdfc07e4a49848097b3edaa3e0fd2ce0ba9
coaches/Bert_Howson.html,Bert Howson,11-Aug-1872,../players/B/Bert_Howson.html,players/B/Bert_Howson.html,33,f99e0367a0fe228f365796eaa542e9c863b1444a0738a5762b1f6f1363c62585
coaches/Bill_Twomey1.html,Bill Twomey,14-May-1899,../players/B/Bill_Twomey1.html,players/B/Bill_Twomey1.html,32,441e9b89c4c62fa09fa1c72dbb8615437fd9af608588b9550650e07e568c165a
coaches/Steven_King.html,Steven King,22-Nov-1978,../players/S/Steven_King.html,players/S/Steven_King.html,31,16db0f3478551b774d47b6a02fc53f8818649cc5235e6fe1c283a067c7b08e8d
coaches/Rhyce_Shaw.html,Rhyce Shaw,16-Oct-1981,../players/R/Rhyce_Shaw.html,players/R/Rhyce_Shaw.html,29,97ff01fb3ddd877aeb67a8a961d43711f5327b5c0d5dddb526bae636bf8fcb88
coaches/Bill_Findlay.html,Bill Findlay,29-Oct-1913,../players/B/Bill_Findlay.html,players/B/Bill_Findlay.html,27,907226c6b32b19e1ed8a2129fd734472cd39b968e2247ddd6db277f1cf84f26b
coaches/Graham_Campbell.html,Graham Campbell,22-Jul-1936,../players/G/Graham_Campbell.html,players/G/Graham_Campbell.html,26,a39717bb0dddd15a7f1ed5a24c4c8176ebf376ab1c7416bba8758a10e60e5739
coaches/Len_Thomas.html,Len Thomas,20-Jul-1908,../players/L/Len_Thomas.html,players/L/Len_Thomas.html,25,2c47efd8e75948fcac91d59cdd397c946e124f34d14ff7610a64c8c6223ca883
coaches/Gary_Buckenara.html,Gary Buckenara,3-Jul-1958,../players/G/Gary_Buckenara.html,players/G/Gary_Buckenara.html,25,62672604e7e2ca880f70f6100082974ffff5eafafbbcdb94da985cd4b4a48086
coaches/Reg_Garvin.html,Reg Garvin,19-Sep-1912,../players/R/Reg_Garvin.html,players/R/Reg_Garvin.html,24,4c0d02ca7d572737e3563bcb6ff88a4e3a2b7b66903d92d2f07b7530a48236d7
coaches/Peter_Jones.html,Peter Jones,20-Oct-1946,../players/P/Peter_Jones.html,players/P/Peter_Jones.html,24,ec466a821d6ea70f9cb7388bfdc13db287404186215fe9ce8f608f1a42c39f19
coaches/Johnny_Leonard.html,Johnny Leonard,8-Jun-1903,../players/J/Johnny_Leonard.html,players/J/Johnny_Leonard.html,24,d2518bfac13a384e8b61eeda920fd0df69447ecd07deda8506bcf4bbde34fcfa
coaches/Charlie_Cameron2.html,Charlie Cameron,22-Nov-1907,../players/C/Charlie_Cameron2.html,players/C/Charlie_Cameron2.html,23,d3ad7fb0645c61446cf238740988dd1d9bb428d6604eb8a80bc3520d726381e2
coaches/Charles_Tyson.html,Charles Tyson,14-Nov-1897,../players/C/Charles_Tyson.html,players/C/Charles_Tyson.html,23,99e4d9310f10e11f055a55c491b195e00ed3f20093588fe0f2f23ee8b3f6e19a
coaches/Josh_Carr.html,Josh Carr,29-Apr-1980,../players/J/Josh_Carr.html,players/J/Josh_Carr.html,23,0d9191d3c1ccb6e7b8e7cbda92b97e4d0bd17aecf9d79210125ce2a0add1c6e0
coaches/Ross_Smith1.html,Ross Smith,12-Sep-1942,../players/R/Ross_Smith1.html,players/R/Ross_Smith1.html,22,4f43f51a72d50dac4be560dc2123a5a262143fe8b5b9bf63ad1334b503a5ac30
coaches/Ron_Alexander.html,Ron Alexander,10-Dec-1950,../players/R/Ron_Alexander.html,players/R/Ron_Alexander.html,22,9cae1bc9e651374a6a212a6d544e6f65a64aaf12d0cf42c2d53d02f9a4059127
coaches/Paul_Sproule.html,Paul Sproule,16-Dec-1944,../players/P/Paul_Sproule.html,players/P/Paul_Sproule.html,22,776060cafa6a163a30345a6fa334fb6e4a682a2b375fce1ca5d0aaffbe83ca2e
coaches/Norm_Dare.html,Norm Dare,10-Sep-1948,../players/N/Norm_Dare.html,players/N/Norm_Dare.html,22,bcb788150aa9af33bcdcf612e6e2b84f88368b0ead86a58d67a5815dc31d0afe
coaches/John_Birt.html,John Birt,29-Jan-1937,../players/J/John_Birt.html,players/J/John_Birt.html,22,3a9927dacc88fa5d8991814b2b3f943286877ddf5acf0823c0eb685e29da6df7
coaches/Dennis_Jones.html,Dennis Jones,13-Nov-1936,../players/D/Dennis_Jones.html,players/D/Dennis_Jones.html,22,e5ee8e5153a8e27c34a845f2230d614363ad298689ac8655c32542e91f6df7a1
coaches/Charlie_Clymo.html,Charlie Clymo,30-Oct-1884,../players/C/Charlie_Clymo.html,players/C/Charlie_Clymo.html,21,5d829cd13f8e22c58bd93bf2c58cb4474f68dd69b372fa6bb51e9b3c77df419a
coaches/Billy_Schmidt.html,Billy Schmidt,29-Dec-1887,../players/B/Billy_Schmidt.html,players/B/Billy_Schmidt.html,21,37fd0d9cb2bf7bc375b754bfc1fe2cc4f526114749b05f82a503bcdc6fbdf5a4
coaches/Mel_Morris.html,Mel Morris,8-Jun-1895,../players/M/Mel_Morris.html,players/M/Mel_Morris.html,21,14e3ae0cd30209e2eea0c1f5c0b5fd0f4daffa0ffde12fc5b7693f1314f5a95d
coaches/Percy_Ogden.html,Percy Ogden,24-Feb-1886,../players/P/Percy_Ogden.html,players/P/Percy_Ogden.html,20,be38e95d4b4807b9c6d9eccf7c0cd46615adaf74815b9f5d1727ecbb90e8d428
coaches/Jack_Williams0.html,Jack Williams,31-Jan-1902,../players/J/Jack_Williams0.html,players/J/Jack_Williams0.html,20,72191103e48eccc300a6f084134241cbd58799a23194293acb198496d8b7fdf0
coaches/Billy_Orchard.html,Billy Orchard,9-Aug-1888,../players/B/Billy_Orchard.html,players/B/Billy_Orchard.html,19,f7bcac2e865ebd8f6bb5793a00659fa966942737ddf459155ca5d37f01a18040
coaches/Bernie_Quinlan.html,Bernie Quinlan,21-Jul-1951,../players/B/Bernie_Quinlan.html,players/B/Bernie_Quinlan.html,19,38fdc3d40f863b93818d54a10ca5a372b0ce14172a84ac8e5f39398c17516383
coaches/Tommy_Lahiff.html,Tommy Lahiff,31-Jul-1910,../players/T/Tommy_Lahiff.html,players/T/Tommy_Lahiff.html,19,78ea64b602c5a96390f77f2f414fa02e12a196c65ad9e0fa49bc687f99e8d102
coaches/Mick_Grace.html,Mick Grace,24-Jul-1874,../players/M/Mick_Grace.html,players/M/Mick_Grace.html,19,8b323633c47c279547489061136cd593981dd34c4473007a1d7ef0ec7b9233bc
coaches/Alan_Belcher.html,Alan Belcher,2-Dec-1884,../players/A/Alan_Belcher.html,players/A/Alan_Belcher.html,19,4396a53e07e7e735a6ec7535f643cd62817d558b51381592db600f4001728eaf
coaches/Jim_Crowe.html,Jim Crowe,18-May-1909,../players/J/Jim_Crowe.html,players/J/Jim_Crowe.html,19,ac3fcf03c380f5d181a6f58c66f3101cfb09beab4b594b14e9bd057df574fa77
coaches/Allan_Hopkins.html,Allan Hopkins,24-May-1904,../players/A/Allan_Hopkins.html,players/A/Allan_Hopkins.html,19,e9dc019c9d83f9bba78d4b62c63d6c3343851545cc002191e5f334de9521625e
coaches/Jim_Caldwell.html,Jim Caldwell,11-Aug-1888,../players/J/Jim_Caldwell.html,players/J/Jim_Caldwell.html,19,9b020a134c23d4545c6d59351b4ed68a3be24dbbbcd1c7346c0718c6d8577bc4
coaches/Harvey_Kelly.html,Harvey Kelly,24-Mar-1883,../players/H/Harvey_Kelly.html,players/H/Harvey_Kelly.html,19,783638c2362c422aa4aa45fc73cf879a37259ba9a7c2c744a690c6e144385eeb
coaches/Colin_Watson.html,Colin Watson,12-Oct-1900,../players/C/Colin_Watson.html,players/C/Colin_Watson.html,18,890b946e070ec18d5776794e383bbd53f0a171f866a410c446f253a4d02d625d
coaches/Col_Deane.html,Col Deane,11-Jul-1900,../players/C/Col_Deane.html,players/C/Col_Deane.html,18,c3dc555a43834f8afbca4685995d8c616d4cbdfeda987d3acb12db2dc3e749eb
coaches/Charlie_Pannam.html,Charlie Pannam,2-Oct-1874,../players/C/Charlie_Pannam.html,players/C/Charlie_Pannam.html,18,7d99bef8d9b6a26009e63cf3fff2e0e0b8d82bfd589520428c108903149b40d7
coaches/Bert_Sutton.html,Bert Sutton,15-Apr-1901,../players/B/Bert_Sutton.html,players/B/Bert_Sutton.html,18,13a59941dd653d5e60d2be33f9d9332d0393e1119baba989041e39d8672fecbf
coaches/Vic_Brown.html,Vic Brown,1-Nov-1880,,,18,3dcb7be8db5de8d3be6a17c6a14a6f86e216fee3ec1edeb8c60916222e933c21
coaches/Tom_Arklay.html,Tom Arklay,26-Mar-1914,../players/T/Tom_Arklay.html,players/T/Tom_Arklay.html,18,f3c1107c504d5ff257ded7210a2dfb8b22d614f77ce23a8eab1bc0457c87f255
coaches/Peter_ODonohue.html,Peter ODonohue,14-Jun-1923,../players/P/Peter_ODonohue.html,players/P/Peter_ODonohue.html,18,500c43bbb49840e4d14ebcef8ac013b8c4b5250865c3ef6fbc6f6787dbe830f8
coaches/Max_Oppy.html,Max Oppy,14-Oct-1924,../players/M/Max_Oppy.html,players/M/Max_Oppy.html,18,38096d7fb6ff16f86b1d2ff6be46c05b20fa373efbdb1464cb061a86c2de330b
coaches/Len_Metherell.html,Len Metherell,17-Nov-1908,../players/L/Len_Metherell.html,players/L/Len_Metherell.html,18,f29619feb95374d53785e7a08a502d05d85b73c3e20d6675e09fd8d2dafe460c
coaches/Laurie_Nash.html,Laurie Nash,2-May-1910,../players/L/Laurie_Nash.html,players/L/Laurie_Nash.html,18,c22b926fe4b3e652c27e884eb8c8bea8345abdf61c0565bd8b859c06f55104c8
coaches/John_Lewis0.html,John Lewis,13-Sep-1901,../players/J/John_Lewis0.html,players/J/John_Lewis0.html,18,43d096132055d51365f33d506ea76681911172957fbfc41983585e01532db8b5
coaches/Jim_Jackson.html,Jim Jackson,28-Apr-1890,../players/J/Jim_Jackson.html,players/J/Jim_Jackson.html,18,1d44d374226c6defcd2fc90c267e33aa398c40c05b21a455a6960c7cf2a1b64f
coaches/Jack_Wells.html,Jack Wells,4-Jan-1883,../players/J/Jack_Wells.html,players/J/Jack_Wells.html,18,0075342962f7ac88659b80a64f50886c076393c15657adeba67b32d1af4b2f89
coaches/Jack_Knight.html,Jack Knight,21-Nov-1912,../players/J/Jack_Knight.html,players/J/Jack_Knight.html,18,3bfb8a50e6bd7b64f92a938ecf4e4b4bb6bea5f1c3740784782d4c59a4c9a65e
coaches/Haydn_Bunton.html,Haydn Bunton,5-Jul-1911,../players/H/Haydn_Bunton.html,players/H/Haydn_Bunton.html,18,695e2c80178b0c7616aa241ca79fb9823bffe0fccad5361e293a837f6aa1106e
coaches/Fred_Green.html,Fred Green,6-Mar-1921,../players/F/Fred_Green.html,players/F/Fred_Green.html,18,8ce6c1f67ef15483eee2cc1773a0da59173165296bdce6e6472bd7d8de9a0315
coaches/Ern_Jenkins.html,Ern Jenkins,4-Oct-1879,../players/E/Ern_Jenkins.html,players/E/Ern_Jenkins.html,18,b8d4db521732a390512ebd57b8104928b3ee080982252e2228e19bb74389da05
coaches/Con_McCarthy.html,Con McCarthy,10-Feb-1893,../players/C/Con_McCarthy.html,players/C/Con_McCarthy.html,17,e6b71a8e2256be1e9b44422e1471da9dbf21eb802bfb50885a888c77b104f25c
coaches/Chris_Lethbridge.html,Chris Lethbridge,24-May-1890,../players/C/Chris_Lethbridge.html,players/C/Chris_Lethbridge.html,17,0c4cc1b2c79d66fb1ee07e039e00ec00c83472735296f12c0716f220d4c1d3ff
coaches/Bert_Taylor0.html,Bert Taylor,9-Jul-1900,../players/B/Bert_Taylor0.html,players/B/Bert_Taylor0.html,17,d2803a09856c180b25709b4c0540bdf794ca69395f5b0c36daf00781e661bd05
coaches/Viv_Valentine.html,Viv Valentine,3-Dec-1887,../players/V/Viv_Valentine.html,players/V/Viv_Valentine.html,17,0326e4893798fb9ba211d22c2c2cdcb81b017f7c4243288c05885f7e4e429b6f
coaches/Jack_Titus.html,Jack Titus,9-Mar-1908,../players/J/Jack_Titus.html,players/J/Jack_Titus.html,17,0c478dad2c70ffc994358d5131f4fea67d8d92b2da7847e09969ef836f581705
coaches/Jack_McKenzie0.html,Jack McKenzie,10-Nov-1881,../players/J/Jack_McKenzie0.html,players/J/Jack_McKenzie0.html,17,9e547a1fb0621b6ef76f1c88e637a5ed98c1ef181850f43809e83803ca187197
coaches/Artie_Wood.html,Artie Wood,24-Jun-1898,../players/A/Artie_Wood.html,players/A/Artie_Wood.html,16,19905148edb346a486bf1ebde4ef45bdf4e60e88bf5e26f3c37099388d641ad1
coaches/Arthur_Hiskins.html,Arthur Hiskins,9-Sep-1886,../players/A/Arthur_Hiskins.html,players/A/Arthur_Hiskins.html,16,8be8b5f7d1c707afafbe20d35bea7eb897ea85f32ee3236dbaa3971342c88050
coaches/Lloyd_Hagger.html,Lloyd Hagger,7-Dec-1898,../players/L/Lloyd_Hagger.html,players/L/Lloyd_Hagger.html,16,a8a479cc534b6d2c744c198f50cd1b4e27547cda68429d23e8d5493cac8c55ff
coaches/Len_Wigraft.html,Len Wigraft,28-Jan-1897,../players/L/Len_Wigraft.html,players/L/Len_Wigraft.html,16,b75df1febcb7894061b39b3438a60e752715b3eef36d5e499cc93c31d0a3c141
coaches/Alby_Morrison.html,Alby Morrison,29-Jan-1909,../players/A/Alby_Morrison.html,players/A/Alby_Morrison.html,15,54f87ef84abd6ad12a5207e0f09a308661bf815839f3cab1cae57e9dae2fdefb
coaches/Darren_Crocker.html,Darren Crocker,26-Mar-1967,../players/D/Darren_Crocker.html,players/D/Darren_Crocker.html,15,19a940954ad1a0a1704b991a2cdde5b78069cf605dbaa0cefdc1cba02773b2d3
coaches/Josh_Fraser.html,Josh Fraser,5-Jan-1982,../players/J/Josh_Fraser.html,players/J/Josh_Fraser.html,15,272afad2ddf493312f2e79374e715e5b26987f3cde2880e9602cb89e7bf5a52f
coaches/Dean_Solomon.html,Dean Solomon,9-Jan-1980,../players/D/Dean_Solomon.html,players/D/Dean_Solomon.html,15,53141d4e8985b64bf993dd63a84498b95e3e7e981c63ef0290b0921f992ab26a
coaches/Percy_Maybury.html,Percy Maybury,24-Sep-1891,../players/P/Percy_Maybury.html,players/P/Percy_Maybury.html,15,e967221b3ce6395868487867207a85d1b5b81ae1493661444d6eef1aa975a5d1
coaches/John_Barker.html,John Barker,19-Feb-1975,../players/J/John_Barker.html,players/J/John_Barker.html,14,27834f1b520684ffed66255b89a934be3db2c01964501dd5e6cd528865e32fbc
coaches/Bernie_Nolan.html,Bernie Nolan,23-Oct-1883,../players/B/Bernie_Nolan.html,players/B/Bernie_Nolan.html,14,b4e897d23dfecc09d2648f195fd9c0a04c56e13e8d30a1ab198076b15c1c0958
coaches/Michael_Nunan.html,Michael Nunan,12-Apr-1949,../players/M/Michael_Nunan.html,players/M/Michael_Nunan.html,14,a092148faa422b6e08148f832a2b9dc88fea6351dc35e91eb71f63233787b081
coaches/Gerry_Donnelly.html,Gerry Donnelly,7-Aug-1903,../players/G/Gerry_Donnelly.html,players/G/Gerry_Donnelly.html,14,b38aa18100e0028aa0c28117acc4dcae977db428d2437643b82539cecadede0b
coaches/Fred_Fleiter.html,Fred Fleiter,3-May-1897,../players/F/Fred_Fleiter.html,players/F/Fred_Fleiter.html,14,154817abad8e89b79f18d51a8e032029bbb5f497125e4ec4969c1e2aa3e7ec92
coaches/Billy_Strickland.html,Billy Strickland,17-Aug-1864,../players/B/Billy_Strickland.html,players/B/Billy_Strickland.html,13,c262fd54cb4ed3c5e9c0c3c6154cf7a68c271d79050a528fca5bda8194a6162f
coaches/Mark_McVeigh.html,Mark McVeigh,26-Jan-1981,../players/M/Mark_McVeigh.html,players/M/Mark_McVeigh.html,13,a6cc5fabdd4d381ae07901f02052c2a009dd2246937f732b3c9815e094e6cd74
coaches/Phil_Walsh.html,Phil Walsh,15-Mar-1960,../players/P/Phil_Walsh.html,players/P/Phil_Walsh.html,13,cfa033776eac8f25b2f37fb4b31d7ba8fceb7a2b3f885db8396e3787cdbc414d
coaches/Ben_Allan.html,Ben Allan,15-Oct-1968,../players/B/Ben_Allan.html,players/B/Ben_Allan.html,13,883faa4330be1a310183415a7696c1bc19daa64dd798b3a3a3b4aaf31b776dee
coaches/Paddy_Noonan.html,Paddy Noonan,4-Sep-1875,../players/P/Paddy_Noonan.html,players/P/Paddy_Noonan.html,13,ed8e4eb35918a4c8becd59e681bdcb1445c47dcfe0c5357cbebec729ee41b325
coaches/Greg_Hutchison.html,Greg Hutchison,13-Jun-1957,../players/G/Greg_Hutchison.html,players/G/Greg_Hutchison.html,13,50c3bafc409fcaf6159ad7a3ab63a5dddd5bb3554fb27b1003c32887423c758a
coaches/Ted_Rowell.html,Ted Rowell,15-Jun-1876,../players/T/Ted_Rowell.html,players/T/Ted_Rowell.html,12,230b60310fee11203ab70012e11d176e78a4663a42328a1b36c1afb8f5f6f98c
coaches/Sam_Gravenall.html,Sam Gravenall,18-Jul-1885,../players/S/Sam_Gravenall.html,players/S/Sam_Gravenall.html,12,abc0b2b8f83153f7fe5a0e0a4462bcbfbdf9fadbdfef3d3d6e1ddacbab4a2630
coaches/Mick_Erwin.html,Mick Erwin,6-Jun-1943,../players/M/Mick_Erwin.html,players/M/Mick_Erwin.html,12,71e0bf48fee024f1a78876fba3521880c176e23015a12b086573b263fcd773fc
coaches/Allan_Everett.html,Allan Everett,12-Apr-1913,../players/A/Allan_Everett.html,players/A/Allan_Everett.html,12,ae674cbd1e7e3e053c7fa2a2fc081cf5cb2a88cf2e804d0551c912cb910fdbb9
coaches/Alan_McConnell.html,Alan McConnell,30-Mar-1957,../players/A/Alan_McConnell.html,players/A/Alan_McConnell.html,11,1c73ad7685f082bbc77f2a6ddfd8f88586552d7493b00718a5a1ac2a4d4892a0
coaches/Scott_Camporeale.html,Scott Camporeale,11-Aug-1975,../players/S/Scott_Camporeale.html,players/S/Scott_Camporeale.html,11,87a72dcbe92b2d818522bbf0d54c36cf1391f2248a1070fb937252f14b9b8752
coaches/Stuart_King.html,Stuart King,22-Apr-1906,../players/S/Stuart_King.html,players/S/Stuart_King.html,11,4a42602002f8f1bc08a4467e457df785d6d96209aca1de4545a0c09c81fc3fd1
coaches/Roger_Merrett.html,Roger Merrett,19-Apr-1960,../players/R/Roger_Merrett.html,players/R/Roger_Merrett.html,11,76021014f5ad4c1f2e362c3485ca604fcc9c61b73017e4720e66fb4652b9ab1d
coaches/Jim_Adamson.html,Jim Adamson,1-Aug-1905,../players/J/Jim_Adamson.html,players/J/Jim_Adamson.html,11,516053374e792f45480db6f896b538ac68ebad9e68c11b28cc999e91b39198ad
coaches/Jade_Rawlings.html,Jade Rawlings,9-Oct-1977,../players/J/Jade_Rawlings.html,players/J/Jade_Rawlings.html,11,543c094513e9d88374835a4e0458b5fb26fef8a84fac8f09c35a26248cd5ce82
coaches/Harry_Saunders.html,Harry Saunders,21-May-1898,../players/H/Harry_Saunders.html,players/H/Harry_Saunders.html,10,d3be7889ada1314c72d3c012cc1627a07db7ec0a9a4b7cb9b919f04a158f280f
coaches/Doug_Ringrose.html,Doug Ringrose,4-Aug-1900,../players/D/Doug_Ringrose.html,players/D/Doug_Ringrose.html,10,2d112533e532bddd3550baf58b376970d76aead67b320a29828846faf08c5f9a
coaches/Dick_Harris0.html,Dick Harris,21-Oct-1911,../players/D/Dick_Harris0.html,players/D/Dick_Harris0.html,10,2eb957233892caf0eaae907661b5a7fe406537755a52ce4a7fc538adf3655387
coaches/Robert_Harvey.html,Robert Harvey,21-Aug-1971,../players/R/Robert_Harvey.html,players/R/Robert_Harvey.html,9,587dee87066d03a00f733571181db8ae09a36342213ed362b1a099e5b29b095b
coaches/Ted_Melling.html,Ted Melling,,,,9,b2d5e934bd783c5f160293cdb53d74fb50b56f34fdae915b725211f54a69d2a2
coaches/Mark_Riley.html,Mark Riley,10-Oct-1963,,,9,36630843c617b901fd75b6b724d3898faccb61cdbbccb68bc22439023776d6cf
coaches/Bob_Hammond1.html,Bob Hammond,16-Feb-1942,,,8,39d6e02067ddb9d0f46f1b3c2900cc5c0be973e1a5dd3b9ea473a1491e6cc6c6
coaches/Jimmy_Freake.html,Jimmy Freake,27-Jan-1889,../players/J/Jimmy_Freake.html,players/J/Jimmy_Freake.html,8,1febb57900262451ce2f4694c1b7eaf386d0474b2c29d6002fb5a7397173c697
coaches/Jim_Cassidy.html,Jim Cassidy,,,,8,f089ea85512313d139f3396a51a58b03f7e033da892181a964df658eb50154d5
coaches/Jack_Pemberton.html,Jack Pemberton,11-Jan-1883,../players/J/Jack_Pemberton.html,players/J/Jack_Pemberton.html,8,a6345f2413d2f8411a95bf1030b94deb621cc6996b2132cfcd18fed26a036607
coaches/Charlie_Dibbs.html,Charlie Dibbs,3-Apr-1905,../players/C/Charlie_Dibbs.html,players/C/Charlie_Dibbs.html,7,2bc17df5585514237b70bd332ebc845c5e80b9172893104a3ae60372d928da39
coaches/Jarrad_Schofield.html,Jarrad Schofield,30-Jan-1975,../players/J/Jarrad_Schofield.html,players/J/Jarrad_Schofield.html,7,6e66d5a408254e76a44d57e639d18293890f4fda37acf29733cb6b10ee4b019b
coaches/Paul_Feltham.html,Paul Feltham,1-Oct-1948,../players/P/Paul_Feltham.html,players/P/Paul_Feltham.html,7,c7d96aa6812f54d4f9eb208d032e4e60979d77c9cbf3e7bbec8ff14fc7139bd9
coaches/Elton_Plummer.html,Elton Plummer,31-Jul-1914,../players/E/Elton_Plummer.html,players/E/Elton_Plummer.html,7,9e338d233bf810bd6e10390392e51be74bc0b0a9f12afdaa26cfe674e4d42705
coaches/Leigh_Adams.html,Leigh Adams,6-Apr-1988,../players/L/Leigh_Adams.html,players/L/Leigh_Adams.html,6,7b31ab146b1cc40bcba63e23c1e0cac5594b0242e7e796ddd34c97ddffa738fe
coaches/Mark_Bickley.html,Mark Bickley,4-Aug-1969,../players/M/Mark_Bickley.html,players/M/Mark_Bickley.html,6,4116cc7e57982fdb21ee63533f22c0dfc3df01c28ece5b4ae86408dde6448b1b
coaches/Todd_Viney.html,Todd Viney,30-Mar-1966,../players/T/Todd_Viney.html,players/T/Todd_Viney.html,5,3539e2599f43f5d4ca7a398aa45c5c3ea5d8cf6a06a4bf7c9958bdcc2d4ba38f
coaches/Eric_Guy.html,Eric Guy,18-Aug-1932,../players/E/Eric_Guy.html,players/E/Eric_Guy.html,5,fc132064a1c766afdb122c094623319c6566092cb2e37f93ce13a551451d2b4b
coaches/Donald_McDonald.html,Donald McDonald,10-May-1962,../players/D/Donald_McDonald.html,players/D/Donald_McDonald.html,5,3ef3c17d24eb2d8a96a032918800f6e016908b79255abf3a0ff259a4bd5af5d8
coaches/Garry_Hocking.html,Garry Hocking,10-Aug-1968,../players/G/Garry_Hocking.html,players/G/Garry_Hocking.html,4,5a9b88d7ba15b9f50d41e9c234bf42b6e2ae7026dfa516a891edcc4ea54da753
coaches/Arthur_Rademacher.html,Arthur Rademacher,27-Nov-1889,../players/A/Arthur_Rademacher.html,players/A/Arthur_Rademacher.html,4,696bdf6456e143d8e96160c843d350a69eb5491a2ada3537b45cca0d078816dc
coaches/Allan_Davis.html,Allan Davis,29-Sep-1948,../players/A/Allan_Davis.html,players/A/Allan_Davis.html,4,059a037d389fc3339aa42f6909b4d7be24f056de2a88914e0cf9d8a1556e2f93
coaches/Troy_Chaplin.html,Troy Chaplin,23-Feb-1986,../players/T/Troy_Chaplin.html,players/T/Troy_Chaplin.html,3,6be8c742b04fac2c9b95eec29d3878e7ac270376fb4f56a7d75d51c79ae86e40
coaches/Jaymie_Graham.html,Jaymie Graham,6-Feb-1983,../players/J/Jaymie_Graham.html,players/J/Jaymie_Graham.html,3,8e45658816c973ce8513f15f7c67e76afaf83cccd76faadc0cee0c1229848c05
coaches/Matthew_Egan.html,Matthew Egan,10-Jul-1983,../players/M/Matthew_Egan.html,players/M/Matthew_Egan.html,3,3b7cd45b2a1981d308962294a806f45534d14a22ed8bb304393cc9c99d7e5869
coaches/Paul_Williams.html,Paul Williams,3-Apr-1973,../players/P/Paul_Williams.html,players/P/Paul_Williams.html,3,3a9ae8ebbf4300c40224f2d3cec4a26880cdd23fe701bf049b7639c4efa29db9
coaches/Wally_Donald.html,Wally Donald,27-May-1927,../players/W/Wally_Donald.html,players/W/Wally_Donald.html,3,6ed350774eb5b359796423d4bce9769f193c1238cbce79a46bcea1cad640d8d1
coaches/Sergio_Silvagni.html,Sergio Silvagni,28-Jun-1938,../players/S/Sergio_Silvagni.html,players/S/Sergio_Silvagni.html,3,fd7de03c454fa4cb2da8e13d2db273184fe31a6f185414f77ad60fc9511a1c1f
coaches/Cec_Ruddell.html,Cec Ruddell,23-May-1917,../players/C/Cec_Ruddell.html,players/C/Cec_Ruddell.html,2,7f65ba656ef0584c0931ec98b2fddd01ada38d645f4e4b6e9305c71bf916ff08
coaches/Brett_Scott.html,Brett Scott,10-Apr-1962,../players/B/Brett_Scott.html,players/B/Brett_Scott.html,2,402516542abffbc647195c9311612512b7feecc9ec980dfe69b9fd000baaf72e
coaches/Charlie_Taylor.html,Charlie Taylor,,,,2,9fce998e806199ec919943915adb2f1a94203caf0d3e3fa161fb03be5f8f4b07
coaches/Ted_Cusack.html,Ted Cusack,14-May-1910,../players/T/Ted_Cusack.html,players/T/Ted_Cusack.html,2,1c6ad86abf67b067497d816f1c00ded0a17f1edfcb36729563d80726c272877e
coaches/Ron_Richards1.html,Ron Richards,11-May-1928,../players/R/Ron_Richards1.html,players/R/Ron_Richards1.html,2,bc25ac2d6efcebf12b8f75deb1473a871eb0ed74b9903f76a25af2916b8555cd
coaches/Paddy_OBrien.html,Paddy OBrien,16-Apr-1893,../players/P/Paddy_OBrien.html,players/P/Paddy_OBrien.html,2,c10c38c1857f68f6ff1fd5165e528bb5849fa79575546b0304a0d77fd966eb12
coaches/Les_Laver.html,Les Laver,9-Dec-1900,../players/L/Les_Laver.html,players/L/Les_Laver.html,2,98f3cf600174cdbb9193c87d15730501d52425190e0be735f10383f856517c56
coaches/Joe_Ryan.html,Joe Ryan,27-Sep-1917,../players/J/Joe_Ryan.html,players/J/Joe_Ryan.html,2,50e70eb3f402875a1e8afeb076087695b3d81318c35a17d4107863852b555ec6
coaches/Jack_Cashman.html,Jack Cashman,21-Apr-1906,../players/J/Jack_Cashman.html,players/J/Jack_Cashman.html,2,e0ddb9ee2598c9ba9bf22777acddad8e22923bd955d59a05f1f9fd382c4c3693
coaches/Harry_Hunter.html,Harry Hunter,24-Feb-1902,../players/H/Harry_Hunter.html,players/H/Harry_Hunter.html,2,8e5b0d3500ff72d853c82e89f57537d12b2cc48a8b8ec043e5ba2eef742f5496
coaches/Alan_Thaw.html,Alan Thaw,17-Jan-1926,../players/A/Alan_Thaw.html,players/A/Alan_Thaw.html,1,1d32955a8b32edea28d6d16bbe9745640a8ddd915e82e6815e8738ab64147bf7
coaches/Bob_Rush.html,Bob Rush,9-Oct-1880,../players/B/Bob_Rush.html,players/B/Bob_Rush.html,1,4c7b1d878f46a73cef06408cbf62aee65271753b282007c8e8427d8145e73464
coaches/Bill_Patterson1.html,Bill Patterson,15-Sep-1888,../players/B/Bill_Patterson1.html,players/B/Bill_Patterson1.html,1,62ab19a61aa46f186c706cb675622a0be4294edb214b9d121b8f328fb48310c1
coaches/Nathan_Bassett.html,Nathan Bassett,7-Dec-1976,../players/N/Nathan_Bassett.html,players/N/Nathan_Bassett.html,1,8d411d7531c17f812243eb4787f8f9ef5b8e58630eae789c104471882024e6a3
coaches/Scott_Burns.html,Scott Burns,23-Dec-1974,../players/S/Scott_Burns.html,players/S/Scott_Burns.html,1,94e3dce049b98a5cc46dacec04233c0646aff747b8bfb804e8cfdd9ed9553bf2
coaches/Brendon_Lade.html,Brendon Lade,10-Jul-1976,../players/B/Brendon_Lade.html,players/B/Brendon_Lade.html,1,15d1440901cde5e6bfe5a24ecf6c97edab3f516bfa2f9a02f9ee3d042d0975a8
coaches/Blake_Caracella.html,Blake Caracella,15-Mar-1977,../players/B/Blake_Caracella.html,players/B/Blake_Caracella.html,1,187beec57572f05145e9487bc0d99d05de74a9005090a0847c33433b30a8b273
coaches/Ashley_Hansen.html,Ashley Hansen,3-Mar-1983,../players/A/Ashley_Hansen.html,players/A/Ashley_Hansen.html,1,5ddfbf54d4d7c7930ddf5c4113e3c0450449dc8deab540cae20c449ef35f3ed7
coaches/John_ONeil.html,John ONeil,30-Aug-1935,../players/J/John_ONeil.html,players/J/John_ONeil.html,1,1a7a8fa72ffb68f322fe96337be9f0eb5ca090ac342c26f318c273e7bfea40a9
coaches/Jim_Toohey.html,Jim Toohey,23-Jul-1886,../players/J/Jim_Toohey.html,players/J/Jim_Toohey.html,1,9de88f1f15421419ba094ca370695e435ac5c918eff0f012568847e2e74b136a
coaches/David_Hale.html,David Hale,22-May-1984,../players/D/David_Hale.html,players/D/David_Hale.html,1,690c1be093a8a9255ec2e6cfba09292020bb6febede368d1d8df004c13cbe993
coaches/Frank_Davis.html,Frank Davis,25-Aug-1944,../players/F/Frank_Davis.html,players/F/Frank_Davis.html,1,d180c40996a60dd3f4ad3c53578f6f814cab5374cc282b85af190c1220264c73
coaches/Max_Hislop.html,Max Hislop,25-Aug-1895,../players/M/Max_Hislop.html,players/M/Max_Hislop.html,1,42f8415256a715aabd349000b4feba3f351037ddac86c9ea2fbb3a9547caec2d
coaches/Gary_ODonnell.html,Gary ODonnell,12-May-1965,../players/G/Gary_ODonnell.html,players/G/Gary_ODonnell.html,1,4c0431ef95bffbde1f8bbdaed0bacb62e92b9b52beab8af200fa229c9057cbfe
coaches/Wally_Clark.html,Wally Clark,25-May-1936,../players/W/Wally_Clark.html,players/W/Wally_Clark.html,1,a97152ac72a645441d4a6b8a314dfca7478f81264322e788675ef9c88cce64a6
coaches/Verdun_Howell.html,Verdun Howell,16-Jun-1937,../players/V/Verdun_Howell.html,players/V/Verdun_Howell.html,1,dd10549ad1a0999e63950ac493c9efa8fcdf97bcba61937ef96238667bf39e7d
coaches/Tony_Franklin.html,Tony Franklin,18-Dec-1950,../players/T/Tony_Franklin.html,players/T/Tony_Franklin.html,1,58e84fbb3f87036ef38d236c5eb9afa23fca6bfac2ebdb72669a3b96d7b172f8
coaches/Tommy_Williams.html,Tommy Williams,12-Sep-1909,../players/T/Tommy_Williams.html,players/T/Tommy_Williams.html,1,2906e2c97a293ef067c19e5deccd1b6eebbf4efb4b118a15f20adb2cbd67af9f
coaches/Stan_Thomas.html,Stan Thomas,9-May-1892,../players/S/Stan_Thomas.html,players/S/Stan_Thomas.html,1,ef794669648b7bd76cbdb36e21e494dd41eea03789bd6b680fa824b29fa106c7
coaches/Roy_Simmonds.html,Roy Simmonds,29-Dec-1928,../players/R/Roy_Simmonds.html,players/R/Roy_Simmonds.html,1,169df1372b6597603e524e445390ee3634ea8306fb8a875628bdb8e6991dc797
coaches/Ray_Slocum.html,Ray Slocum,16-Aug-1937,../players/R/Ray_Slocum.html,players/R/Ray_Slocum.html,1,0f736eb0c769a89410720d73eb257d67b8141519b2542a569bff32421d3d805a
coaches/Ray_Jordon.html,Ray Jordon,17-Feb-1936,,,1,4c3dc162b64f3e22b80f4583e307669a7d0cecfad1694d6e219dfb6c218e21a4
coaches/Norm_Hillard.html,Norm Hillard,3-Jun-1915,../players/N/Norm_Hillard.html,players/N/Norm_Hillard.html,1,439a5144d7f598ff2a8b7099c73d27aa9129da6da822f0a79a202cf0c8e4ca07
coaches/Arthur_Edwards0.html,Arthur Edwards,4-Jun-1934,../players/A/Arthur_Edwards0.html,players/A/Arthur_Edwards0.html,1,15ed28ae9ee6d02d30d6d8839bfffecaab81499ae8cb15e330ebd0e74db23acb
coaches/Neil_Trezise.html,Neil Trezise,8-Feb-1931,../players/N/Neil_Trezise.html,players/N/Neil_Trezise.html,1,73a63db91374e6bc0919fe234fe971e1d0a4ee9a354680d1165e422c47fa4fbb
coaches/Les_Griggs.html,Les Griggs,6-May-1914,../players/L/Les_Griggs.html,players/L/Les_Griggs.html,1,ef0b5897ec90a995e8c46ee73139f54d02c491bb89d41b3d59d3fa2f9cd3d1ea
coaches/John_Dugdale.html,John Dugdale,8-Mar-1936,../players/J/John_Dugdale.html,players/J/John_Dugdale.html,1,2e227ed8d7391e7521dc42161517979d2e45769f0f098b3c3c4e0d6940654472
coaches/John_Blakey.html,John Blakey,24-Jul-1966,../players/J/John_Blakey.html,players/J/John_Blakey.html,1,82d9f59333562c27b0bc9dd2bd1251b3e2373cf5875c6cbb26b46485b1ee70a8
coaches/Greg_Sewell.html,Greg Sewell,30-Jun-1933,../players/G/Greg_Sewell.html,players/G/Greg_Sewell.html,1,78edcb9a1dacee6e6bde92a4dfeb4c7567412542105fc8c3b88887066a4f5154
coaches/George_McLaren.html,George McLaren,22-Mar-1925,../players/G/George_McLaren.html,players/G/George_McLaren.html,1,982e86908d7483d0b4168d04212e823e0a7216219369b180656580b83a5b0d4a
coaches/Frank_Goode.html,Frank Goode,19-Dec-1939,../players/F/Frank_Goode.html,players/F/Frank_Goode.html,1,0ebeea6b2b5c8a36fd553acd12cf3dc3ec78a490246985ff136f9448b14e848b
coaches/Frank_Curcio.html,Frank Curcio,25-Nov-1912,../players/F/Frank_Curcio.html,players/F/Frank_Curcio.html,1,2b96dcfc09b976f73aab59488dcf7ba9b9c63c5d3378d22c8e69132088f694e8
